ID,Device_type,Device,Site,Ambient,Checkin,Checkout,Duration,Pre-classification,Class,Order,Suborder,Superfamily,Family,Subfamily,Genus,Epithet,DateTime
774,ID,ID-1,Site 1,Maize Field,2023-08-23 09:01:53.776,2023-08-23 09:01:56.625,00:00:02.849000,fly,Insecta,Diptera,Brachycera,#N/C,#N/C,#N/C,#N/C,#N/C,2023-08-23 09:01:53.776
775,ID,ID-1,Site 1,Maize Field,2023-08-23 09:06:49.635,2023-08-23 09:08:44.921,00:01:55.286000,hoverfly,Insecta,Diptera,Brachycera,Syrphoidea,Syrphidae,Syrphinae,Episyrphus,balteatus,2023-08-23 09:06:49.635
776,ID,ID-1,Site 1,Maize Field,2023-08-23 09:13:20.758,2023-08-23 09:13:52.189,00:00:31.431000,hoverfly,Insecta,Diptera,Brachycera,Syrphoidea,Syrphidae,Syrphinae,Episyrphus,balteatus,2023-08-23 09:13:20.758
777,ID,ID-1,Site 1,Maize Field,2023-08-23 09:14:04.839,2023-08-23 09:15:09.092,00:01:04.253000,hoverfly,Insecta,Diptera,Brachycera,Syrphoidea,Syrphidae,Syrphinae,Episyrphus,balteatus,2023-08-23 09:14:04.839
778,ID,ID-1,Site 1,Maize Field,2023-08-23 09:29:06.795,2023-08-23 09:29:21.265,00:00:14.470000,hoverfly,Insecta,Diptera,Brachycera,Syrphoidea,Syrphidae,Syrphinae,Episyrphus,balteatus,2023-08-23 09:29:06.795
3144,FAIR-D,FAIR-D1,Site 1,Maize Field,2023-08-23 09:29:19.000,2023-08-23 09:30:37.000,00:01:18,fly,Insecta,Diptera,Brachycera,Muscoidea,#N/C,#N/C,#N/C,#N/C,2023-08-23 09:29:19.000
3145,FAIR-D,FAIR-D1,Site 1,Maize Field,2023-08-23 11:17:18.000,2023-08-23 11:17:27.000,00:00:09,fly,Insecta,Diptera,Brachycera,Muscoidea,Fanniidae,-,Fannia,#N/C,2023-08-23 11:17:18.000
779,ID,ID-1,Site 1,Maize Field,2023-08-23 12:08:16.657,2023-08-23 12:08:22.365,00:00:05.708000,beetle,Insecta,Coleoptera,#N/C,#N/C,#N/C,#N/C,#N/C,#N/C,2023-08-23 12:08:16.657
780,ID,ID-1,Site 1,Maize Field,2023-08-23 12:08:30.805,2023-08-23 12:08:54.991,00:00:24.186000,noth,Insecta,Lepidoptera,#N/C,#N/C,#N/C,#N/C,#N/C,#N/C,2023-08-23 12:08:30.805
3146,FAIR-D,FAIR-D1,Site 1,Maize Field,2023-08-23 12:30:54.000,2023-08-23 12:31:05.000,00:00:11,fly,Insecta,Diptera,Brachycera,Muscoidea,Fanniidae,-,Fannia,#N/C,2023-08-23 12:30:54.000
781,ID,ID-1,Site 1,Maize Field,2023-08-23 14:02:22.289,2023-08-23 14:03:00.863,00:00:38.574000,flesh_fly,Insecta,Diptera,Brachycera,Oestroidea,Sarcophagidae,#N/C,#N/C,#N/C,2023-08-23 14:02:22.289
3147,FAIR-D,FAIR-D1,Site 1,Maize Field,2023-08-23 14:05:01.000,2023-08-23 14:05:06.000,00:00:05,hoverfly,Insecta,Diptera,Brachycera,Syrphoidea,Syrphidae,Syrphinae,Syrphini,#N/C,2023-08-23 14:05:01.000
3148,FAIR-D,FAIR-D1,Site 1,Maize Field,2023-08-23 14:35:38.000,2023-08-23 14:37:03.000,00:01:25,fly,Insecta,Diptera,Brachycera,Muscoidea,Fanniidae,-,Fannia,#N/C,2023-08-23 14:35:38.000
3149,FAIR-D,FAIR-D1,Site 1,Maize Field,2023-08-23 15:55:57.000,2023-08-23 15:56:00.000,00:00:03,fly,Insecta,Diptera,Brachycera,Muscoidea,Fanniidae,-,Fannia,#N/C,2023-08-23 15:55:57.000
3150,FAIR-D,FAIR-D1,Site 1,Maize Field,2023-08-23 15:59:41.000,2023-08-23 15:59:46.000,00:00:05,fly,Insecta,Diptera,Brachycera,#N/C,#N/C,#N/C,#N/C,#N/C,2023-08-23 15:59:41.000
782,ID,ID-1,Site 1,Maize Field,2023-08-23 17:03:31.423,2023-08-23 17:03:35.765,00:00:04.342000,flesh_fly,Insecta,Diptera,Brachycera,Oestroidea,Sarcophagidae,#N/C,#N/C,#N/C,2023-08-23 17:03:31.423
3151,FAIR-D,FAIR-D1,Site 1,Maize Field,2023-08-23 17:58:40.000,2023-08-23 17:59:25.000,00:00:45,fly,Insecta,Diptera,Brachycera,Muscoidea,Fanniidae,-,Fannia,#N/C,2023-08-23 17:58:40.000
783,ID,ID-1,Site 1,Maize Field,2023-08-23 18:30:37.664,2023-08-23 18:30:51.890,00:00:14.226000,fly,Insecta,Diptera,Brachycera,#N/C,#N/C,#N/C,#N/C,#N/C,2023-08-23 18:30:37.664
784,ID,ID-1,Site 1,Maize Field,2023-08-23 18:31:08.683,2023-08-23 18:31:24.244,00:00:15.561000,fly,Insecta,Diptera,Brachycera,#N/C,#N/C,#N/C,#N/C,#N/C,2023-08-23 18:31:08.683
785,ID,ID-1,Site 1,Maize Field,2023-08-23 18:34:21.043,2023-08-23 18:34:29.586,00:00:08.543000,fly,Insecta,Diptera,Brachycera,#N/C,#N/C,#N/C,#N/C,#N/C,2023-08-23 18:34:21.043
786,ID,ID-1,Site 1,Maize Field,2023-08-24 09:07:41.470,2023-08-24 09:07:44.325,00:00:02.855000,fly,Insecta,Diptera,Brachycera,#N/C,#N/C,#N/C,#N/C,#N/C,2023-08-24 09:07:41.470
787,ID,ID-1,Site 1,Maize Field,2023-08-24 09:22:37.533,2023-08-24 09:23:04.630,00:00:27.097000,fly,Insecta,Diptera,Brachycera,#N/C,#N/C,#N/C,#N/C,#N/C,2023-08-24 09:22:37.533
788,ID,ID-1,Site 1,Maize Field,2023-08-24 09:26:25.741,2023-08-24 09:26:28.553,00:00:02.812000,hoverfly,Insecta,Diptera,Brachycera,Syrphoidea,Syrphidae,Syrphinae,Episyrphus,balteatus,2023-08-24 09:26:25.741
3152,FAIR-D,FAIR-D1,Site 1,Maize Field,2023-08-24 10:00:38.000,2023-08-24 10:01:15.000,00:00:37,fly,Insecta,Diptera,Brachycera,Muscoidea,Fanniidae,-,Fannia,#N/C,2023-08-24 10:00:38.000
3153,FAIR-D,FAIR-D1,Site 1,Maize Field,2023-08-24 10:34:11.000,2023-08-24 10:34:18.000,00:00:07,fly,Insecta,Diptera,Brachycera,Muscoidea,Fanniidae,-,Fannia,#N/C,2023-08-24 10:34:11.000
3154,FAIR-D,FAIR-D1,Site 1,Maize Field,2023-08-24 11:17:40.000,2023-08-24 11:17:45.000,00:00:05,hoverfly,Insecta,Diptera,Brachycera,Syrphoidea,Syrphidae,Syrphinae,Syrphini,#N/C,2023-08-24 11:17:40.000
3155,FAIR-D,FAIR-D1,Site 1,Maize Field,2023-08-24 12:14:23.000,2023-08-24 12:16:14.000,00:01:51,fly,Insecta,Diptera,Brachycera,Muscoidea,#N/C,#N/C,#N/C,#N/C,2023-08-24 12:14:23.000
3156,FAIR-D,FAIR-D1,Site 1,Maize Field,2023-08-24 12:55:06.000,2023-08-24 12:55:11.000,00:00:05,wasp,Insecta,Hymenoptera,Apocrita,Vespoidea,Vespidae,Vespinae,Vespula,#N/C,2023-08-24 12:55:06.000
3157,FAIR-D,FAIR-D1,Site 1,Maize Field,2023-08-24 13:33:18.000,2023-08-24 13:33:23.000,00:00:05,fly,Insecta,Diptera,Brachycera,Muscoidea,Fanniidae,-,Fannia,#N/C,2023-08-24 13:33:18.000
789,ID,ID-1,Site 1,Maize Field,2023-08-24 14:02:23.501,2023-08-24 14:02:50.704,00:00:27.203000,flesh_fly,Insecta,Diptera,Brachycera,Oestroidea,Sarcophagidae,#N/C,#N/C,#N/C,2023-08-24 14:02:23.501
790,ID,ID-1,Site 1,Maize Field,2023-08-24 18:03:36.615,2023-08-24 18:04:39.222,00:01:02.607000,fly,Insecta,Diptera,Brachycera,#N/C,#N/C,#N/C,#N/C,#N/C,2023-08-24 18:03:36.615
791,ID,ID-1,Site 1,Maize Field,2023-08-24 18:14:32.414,2023-08-24 18:14:45.253,00:00:12.839000,fly,Insecta,Diptera,Brachycera,#N/C,#N/C,#N/C,#N/C,#N/C,2023-08-24 18:14:32.414
792,ID,ID-1,Site 1,Maize Field,2023-08-24 18:31:13.134,2023-08-24 18:31:43.233,00:00:30.099000,fly,Insecta,Diptera,Brachycera,#N/C,#N/C,#N/C,#N/C,#N/C,2023-08-24 18:31:13.134
793,ID,ID-1,Site 1,Maize Field,2023-08-24 18:34:17.674,2023-08-24 18:34:20.526,00:00:02.852000,fly,Insecta,Diptera,Brachycera,#N/C,#N/C,#N/C,#N/C,#N/C,2023-08-24 18:34:17.674
794,ID,ID-1,Site 1,Maize Field,2023-08-25 13:05:46.186,2023-08-25 13:07:03.363,00:01:17.177000,flesh_fly,Insecta,Diptera,Brachycera,Oestroidea,Sarcophagidae,#N/C,#N/C,#N/C,2023-08-25 13:05:46.186
795,ID,ID-1,Site 1,Maize Field,2023-08-25 13:07:28.605,2023-08-25 13:07:37.258,00:00:08.653000,flesh_fly,Insecta,Diptera,Brachycera,Oestroidea,Sarcophagidae,#N/C,#N/C,#N/C,2023-08-25 13:07:28.605
796,ID,ID-1,Site 1,Maize Field,2023-08-25 13:14:53.924,2023-08-25 13:15:28.238,00:00:34.314000,flesh_fly,Insecta,Diptera,Brachycera,Oestroidea,Sarcophagidae,#N/C,#N/C,#N/C,2023-08-25 13:14:53.924
797,ID,ID-1,Site 1,Maize Field,2023-08-25 13:22:08.343,2023-08-25 13:24:05.637,00:01:57.294000,flesh_fly,Insecta,Diptera,Brachycera,Oestroidea,Sarcophagidae,#N/C,#N/C,#N/C,2023-08-25 13:22:08.343
798,ID,ID-1,Site 1,Maize Field,2023-08-25 13:24:33.661,2023-08-25 13:24:54.964,00:00:21.303000,fly,Insecta,Diptera,Brachycera,#N/C,#N/C,#N/C,#N/C,#N/C,2023-08-25 13:24:33.661
799,ID,ID-1,Site 1,Maize Field,2023-08-25 13:29:08.912,2023-08-25 13:31:06.433,00:01:57.521000,flesh_fly,Insecta,Diptera,Brachycera,Oestroidea,Sarcophagidae,#N/C,#N/C,#N/C,2023-08-25 13:29:08.912
800,ID,ID-1,Site 1,Maize Field,2023-08-25 13:34:46.070,2023-08-25 13:35:25.025,00:00:38.955000,flesh_fly,Insecta,Diptera,Brachycera,Oestroidea,Sarcophagidae,#N/C,#N/C,#N/C,2023-08-25 13:34:46.070
801,ID,ID-1,Site 1,Maize Field,2023-08-25 13:34:47.541,2023-08-25 13:35:05.004,00:00:17.463000,fly,Insecta,Diptera,Brachycera,#N/C,#N/C,#N/C,#N/C,#N/C,2023-08-25 13:34:47.541
802,ID,ID-1,Site 1,Maize Field,2023-08-25 13:36:03.015,2023-08-25 13:36:07.363,00:00:04.348000,flesh_fly,Insecta,Diptera,Brachycera,Oestroidea,Sarcophagidae,#N/C,#N/C,#N/C,2023-08-25 13:36:03.015
803,ID,ID-1,Site 1,Maize Field,2023-08-25 13:36:03.051,2023-08-25 13:36:07.394,00:00:04.343000,fly,Insecta,Diptera,Brachycera,#N/C,#N/C,#N/C,#N/C,#N/C,2023-08-25 13:36:03.051
804,ID,ID-1,Site 1,Maize Field,2023-08-25 13:36:18.800,2023-08-25 13:36:50.535,00:00:31.735000,flesh_fly,Insecta,Diptera,Brachycera,Oestroidea,Sarcophagidae,#N/C,#N/C,#N/C,2023-08-25 13:36:18.800
805,ID,ID-1,Site 1,Maize Field,2023-08-25 13:36:28.889,2023-08-25 13:36:47.693,00:00:18.804000,fly,Insecta,Diptera,Brachycera,#N/C,#N/C,#N/C,#N/C,#N/C,2023-08-25 13:36:28.889
806,ID,ID-1,Site 1,Maize Field,2023-08-25 13:38:17.813,2023-08-25 13:38:54.700,00:00:36.887000,fly,Insecta,Diptera,Brachycera,#N/C,#N/C,#N/C,#N/C,#N/C,2023-08-25 13:38:17.813
807,ID,ID-1,Site 1,Maize Field,2023-08-25 13:39:14.440,2023-08-25 13:39:21.634,00:00:07.194000,flesh_fly,Insecta,Diptera,Brachycera,Oestroidea,Sarcophagidae,#N/C,#N/C,#N/C,2023-08-25 13:39:14.440
808,ID,ID-1,Site 1,Maize Field,2023-08-25 13:39:23.115,2023-08-25 13:40:39.170,00:01:16.055000,flesh_fly,Insecta,Diptera,Brachycera,Oestroidea,Sarcophagidae,#N/C,#N/C,#N/C,2023-08-25 13:39:23.115
809,ID,ID-1,Site 1,Maize Field,2023-08-25 14:01:18.864,2023-08-25 14:01:50.125,00:00:31.261000,fly,Insecta,Diptera,Brachycera,#N/C,#N/C,#N/C,#N/C,#N/C,2023-08-25 14:01:18.864
810,ID,ID-1,Site 1,Maize Field,2023-08-25 14:02:32.583,2023-08-25 14:02:56.574,00:00:23.991000,fly,Insecta,Diptera,Brachycera,#N/C,#N/C,#N/C,#N/C,#N/C,2023-08-25 14:02:32.583
811,ID,ID-1,Site 1,Maize Field,2023-08-25 14:08:14.145,2023-08-25 14:09:10.369,00:00:56.224000,fly,Insecta,Diptera,Brachycera,#N/C,#N/C,#N/C,#N/C,#N/C,2023-08-25 14:08:14.145
812,ID,ID-1,Site 1,Maize Field,2023-08-25 14:08:24.091,2023-08-25 14:09:23.272,00:00:59.181000,flesh_fly,Insecta,Diptera,Brachycera,Oestroidea,Sarcophagidae,#N/C,#N/C,#N/C,2023-08-25 14:08:24.091
813,ID,ID-1,Site 1,Maize Field,2023-08-25 14:12:40.484,2023-08-25 14:12:50.461,00:00:09.977000,flesh_fly,Insecta,Diptera,Brachycera,Oestroidea,Sarcophagidae,#N/C,#N/C,#N/C,2023-08-25 14:12:40.484
814,ID,ID-1,Site 1,Maize Field,2023-08-25 14:13:29.739,2023-08-25 14:13:41.278,00:00:11.539000,flesh_fly,Insecta,Diptera,Brachycera,Oestroidea,Sarcophagidae,#N/C,#N/C,#N/C,2023-08-25 14:13:29.739
815,ID,ID-1,Site 1,Maize Field,2023-08-25 14:14:10.814,2023-08-25 14:15:22.364,00:01:11.550000,flesh_fly,Insecta,Diptera,Brachycera,Oestroidea,Sarcophagidae,#N/C,#N/C,#N/C,2023-08-25 14:14:10.814
816,ID,ID-1,Site 1,Maize Field,2023-08-25 14:15:25.194,2023-08-25 14:18:00.719,00:02:35.525000,flesh_fly,Insecta,Diptera,Brachycera,Oestroidea,Sarcophagidae,#N/C,#N/C,#N/C,2023-08-25 14:15:25.194
817,ID,ID-1,Site 1,Maize Field,2023-08-25 14:16:53.881,2023-08-25 14:18:00.741,00:01:06.860000,fly,Insecta,Diptera,Brachycera,#N/C,#N/C,#N/C,#N/C,#N/C,2023-08-25 14:16:53.881
818,ID,ID-1,Site 1,Maize Field,2023-08-25 14:20:21.103,2023-08-25 14:21:17.004,00:00:55.901000,flesh_fly,Insecta,Diptera,Brachycera,Oestroidea,Sarcophagidae,#N/C,#N/C,#N/C,2023-08-25 14:20:21.103
819,ID,ID-1,Site 1,Maize Field,2023-08-25 14:26:18.024,2023-08-25 14:26:42.301,00:00:24.277000,flesh_fly,Insecta,Diptera,Brachycera,Oestroidea,Sarcophagidae,#N/C,#N/C,#N/C,2023-08-25 14:26:18.024
820,ID,ID-1,Site 1,Maize Field,2023-08-25 14:28:02.332,2023-08-25 14:28:23.873,00:00:21.541000,flesh_fly,Insecta,Diptera,Brachycera,Oestroidea,Sarcophagidae,#N/C,#N/C,#N/C,2023-08-25 14:28:02.332
821,ID,ID-1,Site 1,Maize Field,2023-08-25 14:28:26.781,2023-08-25 14:28:45.399,00:00:18.618000,flesh_fly,Insecta,Diptera,Brachycera,Oestroidea,Sarcophagidae,#N/C,#N/C,#N/C,2023-08-25 14:28:26.781
822,ID,ID-1,Site 1,Maize Field,2023-08-25 14:29:40.601,2023-08-25 14:32:39.696,00:02:59.095000,flesh_fly,Insecta,Diptera,Brachycera,Oestroidea,Sarcophagidae,#N/C,#N/C,#N/C,2023-08-25 14:29:40.601
823,ID,ID-1,Site 1,Maize Field,2023-08-25 14:32:45.324,2023-08-25 14:33:06.819,00:00:21.495000,flesh_fly,Insecta,Diptera,Brachycera,Oestroidea,Sarcophagidae,#N/C,#N/C,#N/C,2023-08-25 14:32:45.324
824,ID,ID-1,Site 1,Maize Field,2023-08-25 14:33:20.903,2023-08-25 14:33:39.465,00:00:18.562000,fly,Insecta,Diptera,Brachycera,#N/C,#N/C,#N/C,#N/C,#N/C,2023-08-25 14:33:20.903
825,ID,ID-1,Site 1,Maize Field,2023-08-25 14:35:58.642,2023-08-25 14:37:07.558,00:01:08.916000,fly,Insecta,Diptera,Brachycera,#N/C,#N/C,#N/C,#N/C,#N/C,2023-08-25 14:35:58.642
826,ID,ID-1,Site 1,Maize Field,2023-08-25 14:37:10.354,2023-08-25 14:37:17.570,00:00:07.216000,flesh_fly,Insecta,Diptera,Brachycera,Oestroidea,Sarcophagidae,#N/C,#N/C,#N/C,2023-08-25 14:37:10.354
827,ID,ID-1,Site 1,Maize Field,2023-08-25 14:37:37.213,2023-08-25 14:40:47.730,00:03:10.517000,flesh_fly,Insecta,Diptera,Brachycera,Oestroidea,Sarcophagidae,#N/C,#N/C,#N/C,2023-08-25 14:37:37.213
3158,FAIR-D,FAIR-D1,Site 1,Maize Field,2023-08-25 16:18:40.000,2023-08-25 16:18:57.000,00:00:17,fly,Insecta,Diptera,Brachycera,Muscoidea,Fanniidae,-,Fannia,#N/C,2023-08-25 16:18:40.000
3159,FAIR-D,FAIR-D1,Site 1,Maize Field,2023-08-25 16:40:46.000,2023-08-25 16:41:10.000,00:00:24,fly,Insecta,Diptera,Brachycera,Muscoidea,Fanniidae,-,Fannia,#N/C,2023-08-25 16:40:46.000
3160,FAIR-D,FAIR-D1,Site 1,Maize Field,2023-08-25 16:53:15.000,2023-08-25 16:53:27.000,00:00:12,fly,Insecta,Diptera,Brachycera,Muscoidea,Fanniidae,-,Fannia,#N/C,2023-08-25 16:53:15.000
3161,FAIR-D,FAIR-D1,Site 1,Maize Field,2023-08-25 17:13:57.000,2023-08-25 17:14:04.000,00:00:07,fly,Insecta,Diptera,Brachycera,Muscoidea,Fanniidae,-,Fannia,#N/C,2023-08-25 17:13:57.000
3162,FAIR-D,FAIR-D1,Site 1,Maize Field,2023-08-25 17:13:57.000,2023-08-25 17:14:08.000,00:00:11,fly,Insecta,Diptera,Brachycera,#N/C,#N/C,#N/C,#N/C,#N/C,2023-08-25 17:13:57.000
3163,FAIR-D,FAIR-D1,Site 1,Maize Field,2023-08-25 17:30:10.000,2023-08-25 17:30:43.000,00:00:33,fly,Insecta,Diptera,Brachycera,Oestroidea,Tachinidae,Exoristinae,#N/C,#N/C,2023-08-25 17:30:10.000
828,ID,ID-1,Site 1,Maize Field,2023-08-25 17:30:26.939,2023-08-25 17:31:41.168,00:01:14.229000,fly,Insecta,Diptera,Brachycera,#N/C,#N/C,#N/C,#N/C,#N/C,2023-08-25 17:30:26.939
3164,FAIR-D,FAIR-D1,Site 1,Maize Field,2023-08-25 18:04:09.000,2023-08-25 18:04:17.000,00:00:08,fly,Insecta,Diptera,Brachycera,Muscoidea,Fanniidae,-,Fannia,#N/C,2023-08-25 18:04:09.000
829,ID,ID-1,Site 1,Maize Field,2023-08-25 18:04:12.741,2023-08-25 18:05:11.244,00:00:58.503000,fly,Insecta,Diptera,Brachycera,#N/C,#N/C,#N/C,#N/C,#N/C,2023-08-25 18:04:12.741
830,ID,ID-1,Site 1,Maize Field,2023-08-25 18:05:22.484,2023-08-25 18:06:34.900,00:01:12.416000,fly,Insecta,Diptera,Brachycera,#N/C,#N/C,#N/C,#N/C,#N/C,2023-08-25 18:05:22.484
3165,FAIR-D,FAIR-D1,Site 1,Maize Field,2023-08-25 18:29:01.000,2023-08-25 18:29:35.000,00:00:34,fly,Insecta,Diptera,Brachycera,Muscoidea,Fanniidae,-,Fannia,#N/C,2023-08-25 18:29:01.000
831,ID,ID-1,Site 1,Maize Field,2023-08-25 19:14:21.815,2023-08-25 19:14:37.458,00:00:15.643000,fly,Insecta,Diptera,Brachycera,#N/C,#N/C,#N/C,#N/C,#N/C,2023-08-25 19:14:21.815
3166,FAIR-D,FAIR-D1,Site 1,Maize Field,2023-08-26 07:39:33.000,2023-08-26 07:40:39.000,00:01:06,fly,Insecta,Diptera,Brachycera,Muscoidea,Fanniidae,-,Fannia,#N/C,2023-08-26 07:39:33.000
3167,FAIR-D,FAIR-D1,Site 1,Maize Field,2023-08-26 08:05:14.000,2023-08-26 08:05:27.000,00:00:13,wasp,Insecta,Hymenoptera,Apocrita,Vespoidea,Vespidae,Vespinae,Vespula,#N/C,2023-08-26 08:05:14.000
3168,FAIR-D,FAIR-D1,Site 1,Maize Field,2023-08-26 08:06:01.000,2023-08-26 08:08:23.000,00:02:22,fly,Insecta,Diptera,Brachycera,Muscoidea,#N/C,#N/C,#N/C,#N/C,2023-08-26 08:06:01.000
3169,FAIR-D,FAIR-D1,Site 1,Maize Field,2023-08-26 08:10:04.000,2023-08-26 08:10:08.000,00:00:04,fly,Insecta,Diptera,Brachycera,Muscoidea,Fanniidae,-,Fannia,#N/C,2023-08-26 08:10:04.000
3170,FAIR-D,FAIR-D1,Site 1,Maize Field,2023-08-26 08:16:20.000,2023-08-26 08:16:57.000,00:00:37,fly,Insecta,Diptera,Brachycera,Muscoidea,Fanniidae,-,Fannia,#N/C,2023-08-26 08:16:20.000
832,ID,ID-1,Site 1,Maize Field,2023-08-26 08:22:36.881,2023-08-26 08:23:16.425,00:00:39.544000,fly,Insecta,Diptera,Brachycera,#N/C,#N/C,#N/C,#N/C,#N/C,2023-08-26 08:22:36.881
833,ID,ID-1,Site 1,Maize Field,2023-08-26 08:26:37.347,2023-08-26 08:26:40.160,00:00:02.813000,fly,Insecta,Diptera,Brachycera,#N/C,#N/C,#N/C,#N/C,#N/C,2023-08-26 08:26:37.347
834,ID,ID-1,Site 1,Maize Field,2023-08-26 08:30:05.465,2023-08-26 08:30:08.354,00:00:02.889000,fly,Insecta,Diptera,Brachycera,#N/C,#N/C,#N/C,#N/C,#N/C,2023-08-26 08:30:05.465
3171,FAIR-D,FAIR-D1,Site 1,Maize Field,2023-08-26 08:31:47.000,2023-08-26 08:32:00.000,00:00:13,fly,Insecta,Diptera,Brachycera,Muscoidea,#N/C,#N/C,#N/C,#N/C,2023-08-26 08:31:47.000
3173,FAIR-D,FAIR-D1,Site 1,Maize Field,2023-08-26 08:32:31.000,2023-08-26 08:34:33.000,00:02:02,fly,Insecta,Diptera,Brachycera,Muscoidea,Fanniidae,-,Fannia,#N/C,2023-08-26 08:32:31.000
3172,FAIR-D,FAIR-D1,Site 1,Maize Field,2023-08-26 08:32:31.000,2023-08-26 08:33:30.000,00:00:59,fly,Insecta,Diptera,Brachycera,Muscoidea,Fanniidae,-,Fannia,#N/C,2023-08-26 08:32:31.000
3174,FAIR-D,FAIR-D1,Site 1,Maize Field,2023-08-26 08:37:25.000,2023-08-26 08:37:56.000,00:00:31,fly,Insecta,Diptera,Brachycera,Muscoidea,#N/C,#N/C,#N/C,#N/C,2023-08-26 08:37:25.000
3175,FAIR-D,FAIR-D1,Site 1,Maize Field,2023-08-26 08:37:32.000,2023-08-26 08:37:56.000,00:00:24,fly,Insecta,Diptera,Brachycera,Sciomyzoidea,Sepsidae,Sepsinae,Parapalaeosepsis,#N/C,2023-08-26 08:37:32.000
3176,FAIR-D,FAIR-D1,Site 1,Maize Field,2023-08-26 08:38:28.000,2023-08-26 08:38:32.000,00:00:04,fly,Insecta,Diptera,Brachycera,Muscoidea,Fanniidae,-,Fannia,#N/C,2023-08-26 08:38:28.000
3177,FAIR-D,FAIR-D1,Site 1,Maize Field,2023-08-26 08:41:24.000,2023-08-26 08:42:52.000,00:01:28,fly,Insecta,Diptera,Brachycera,#N/C,#N/C,#N/C,#N/C,#N/C,2023-08-26 08:41:24.000
3178,FAIR-D,FAIR-D1,Site 1,Maize Field,2023-08-26 08:47:34.000,2023-08-26 08:50:15.000,00:02:41,fly,Insecta,Diptera,Brachycera,Muscoidea,#N/C,#N/C,#N/C,#N/C,2023-08-26 08:47:34.000
3179,FAIR-D,FAIR-D1,Site 1,Maize Field,2023-08-26 08:47:48.000,2023-08-26 08:50:30.000,00:02:42,fly,Insecta,Diptera,Brachycera,Muscoidea,#N/C,#N/C,#N/C,#N/C,2023-08-26 08:47:48.000
3180,FAIR-D,FAIR-D1,Site 1,Maize Field,2023-08-26 08:53:28.000,2023-08-26 08:53:36.000,00:00:08,fly,Insecta,Diptera,Brachycera,#N/C,#N/C,#N/C,#N/C,#N/C,2023-08-26 08:53:28.000
3181,FAIR-D,FAIR-D1,Site 1,Maize Field,2023-08-26 08:53:28.000,2023-08-26 08:54:37.000,00:01:09,fly,Insecta,Diptera,Brachycera,#N/C,#N/C,#N/C,#N/C,#N/C,2023-08-26 08:53:28.000
3182,FAIR-D,FAIR-D1,Site 1,Maize Field,2023-08-26 08:54:10.000,2023-08-26 08:57:29.000,00:03:19,fly,Insecta,#N/C,#N/C,#N/C,#N/C,#N/C,#N/C,#N/C,2023-08-26 08:54:10.000
3183,FAIR-D,FAIR-D1,Site 1,Maize Field,2023-08-26 08:54:27.000,2023-08-26 08:55:30.000,00:01:03,fly,Insecta,#N/C,#N/C,#N/C,#N/C,#N/C,#N/C,#N/C,2023-08-26 08:54:27.000
3184,FAIR-D,FAIR-D1,Site 1,Maize Field,2023-08-26 08:55:51.000,2023-08-26 08:57:12.000,00:01:21,fly,Insecta,Diptera,Brachycera,#N/C,#N/C,#N/C,#N/C,#N/C,2023-08-26 08:55:51.000
3185,FAIR-D,FAIR-D1,Site 1,Maize Field,2023-08-26 08:55:57.000,2023-08-26 08:56:39.000,00:00:42,fly,Insecta,#N/C,#N/C,#N/C,#N/C,#N/C,#N/C,#N/C,2023-08-26 08:55:57.000
3186,FAIR-D,FAIR-D1,Site 1,Maize Field,2023-08-26 08:56:41.000,2023-08-26 08:58:29.000,00:01:48,fly,Insecta,Diptera,Brachycera,Muscoidea,Fanniidae,-,Fannia,#N/C,2023-08-26 08:56:41.000
3187,FAIR-D,FAIR-D1,Site 1,Maize Field,2023-08-26 08:57:26.000,2023-08-26 08:57:44.000,00:00:18,fly,Insecta,#N/C,#N/C,#N/C,#N/C,#N/C,#N/C,#N/C,2023-08-26 08:57:26.000
3188,FAIR-D,FAIR-D1,Site 1,Maize Field,2023-08-26 08:57:26.000,2023-08-26 08:58:36.000,00:01:10,fly,Insecta,Diptera,Brachycera,Muscoidea,Fanniidae,-,Fannia,#N/C,2023-08-26 08:57:26.000
3189,FAIR-D,FAIR-D1,Site 1,Maize Field,2023-08-26 09:03:07.000,2023-08-26 09:03:14.000,00:00:07,fly,Insecta,Diptera,Brachycera,#N/C,#N/C,#N/C,#N/C,#N/C,2023-08-26 09:03:07.000
3190,FAIR-D,FAIR-D1,Site 1,Maize Field,2023-08-26 09:05:21.000,2023-08-26 09:05:37.000,00:00:16,fly,Insecta,Diptera,Brachycera,Muscoidea,#N/C,#N/C,#N/C,#N/C,2023-08-26 09:05:21.000
835,ID,ID-1,Site 1,Maize Field,2023-08-26 09:08:49.242,2023-08-26 09:08:56.391,00:00:07.149000,fly,Insecta,Diptera,Brachycera,#N/C,#N/C,#N/C,#N/C,#N/C,2023-08-26 09:08:49.242
836,ID,ID-1,Site 1,Maize Field,2023-08-26 09:10:49.037,2023-08-26 09:11:03.213,00:00:14.176000,fly,Insecta,Diptera,Brachycera,#N/C,#N/C,#N/C,#N/C,#N/C,2023-08-26 09:10:49.037
3191,FAIR-D,FAIR-D1,Site 1,Maize Field,2023-08-26 09:18:07.000,2023-08-26 09:18:13.000,00:00:06,fly,Insecta,Diptera,Brachycera,Muscoidea,Fanniidae,-,Fannia,#N/C,2023-08-26 09:18:07.000
3193,FAIR-D,FAIR-D1,Site 1,Maize Field,2023-08-26 09:34:06.000,2023-08-26 09:34:17.000,00:00:11,fly,Insecta,#N/C,#N/C,#N/C,#N/C,#N/C,#N/C,#N/C,2023-08-26 09:34:06.000
3192,FAIR-D,FAIR-D1,Site 1,Maize Field,2023-08-26 09:34:06.000,2023-08-26 09:34:11.000,00:00:05,fly,Insecta,Diptera,Brachycera,Muscoidea,#N/C,#N/C,#N/C,#N/C,2023-08-26 09:34:06.000
3194,FAIR-D,FAIR-D1,Site 1,Maize Field,2023-08-26 09:58:43.000,2023-08-26 09:58:57.000,00:00:14,fly,Insecta,Diptera,Brachycera,Muscoidea,#N/C,#N/C,#N/C,#N/C,2023-08-26 09:58:43.000
3195,FAIR-D,FAIR-D1,Site 1,Maize Field,2023-08-26 10:00:22.000,2023-08-26 10:00:40.000,00:00:18,fly,Insecta,Diptera,Brachycera,Muscoidea,Fanniidae,-,Fannia,#N/C,2023-08-26 10:00:22.000
3196,FAIR-D,FAIR-D1,Site 1,Maize Field,2023-08-26 10:02:17.000,2023-08-26 10:02:21.000,00:00:04,fly,Insecta,Diptera,Brachycera,Muscoidea,Fanniidae,-,Fannia,#N/C,2023-08-26 10:02:17.000
3197,FAIR-D,FAIR-D1,Site 1,Maize Field,2023-08-26 10:03:49.000,2023-08-26 10:04:02.000,00:00:13,fly,Insecta,Diptera,Brachycera,Muscoidea,#N/C,#N/C,#N/C,#N/C,2023-08-26 10:03:49.000
3198,FAIR-D,FAIR-D1,Site 1,Maize Field,2023-08-26 10:03:49.000,2023-08-26 10:04:02.000,00:00:13,fly,Insecta,Diptera,Brachycera,Muscoidea,Fanniidae,-,Fannia,#N/C,2023-08-26 10:03:49.000
3199,FAIR-D,FAIR-D1,Site 1,Maize Field,2023-08-26 10:37:09.000,2023-08-26 10:37:15.000,00:00:06,fly,Insecta,Diptera,Brachycera,Muscoidea,Fanniidae,-,Fannia,#N/C,2023-08-26 10:37:09.000
3200,FAIR-D,FAIR-D1,Site 1,Maize Field,2023-08-26 10:43:09.000,2023-08-26 10:43:13.000,00:00:04,fly,Insecta,#N/C,#N/C,#N/C,#N/C,#N/C,#N/C,#N/C,2023-08-26 10:43:09.000
3201,FAIR-D,FAIR-D1,Site 1,Maize Field,2023-08-26 10:43:09.000,2023-08-26 10:43:21.000,00:00:12,fly,Insecta,Diptera,Brachycera,Muscoidea,Fanniidae,-,Fannia,#N/C,2023-08-26 10:43:09.000
3202,FAIR-D,FAIR-D1,Site 1,Maize Field,2023-08-26 10:45:34.000,2023-08-26 10:45:45.000,00:00:11,fly,Insecta,Diptera,Brachycera,Muscoidea,Fanniidae,-,Fannia,#N/C,2023-08-26 10:45:34.000
3203,FAIR-D,FAIR-D1,Site 1,Maize Field,2023-08-26 10:46:27.000,2023-08-26 10:46:30.000,00:00:03,fly,Insecta,#N/C,#N/C,#N/C,#N/C,#N/C,#N/C,#N/C,2023-08-26 10:46:27.000
3205,FAIR-D,FAIR-D1,Site 1,Maize Field,2023-08-26 10:51:04.000,2023-08-26 10:51:25.000,00:00:21,fly,Insecta,Diptera,Brachycera,Muscoidea,#N/C,#N/C,#N/C,#N/C,2023-08-26 10:51:04.000
3204,FAIR-D,FAIR-D1,Site 1,Maize Field,2023-08-26 10:51:04.000,2023-08-26 10:51:42.000,00:00:38,fly,Insecta,#N/C,#N/C,#N/C,#N/C,#N/C,#N/C,#N/C,2023-08-26 10:51:04.000
3206,FAIR-D,FAIR-D1,Site 1,Maize Field,2023-08-26 11:04:12.000,2023-08-26 11:04:16.000,00:00:04,fly,Insecta,#N/C,#N/C,#N/C,#N/C,#N/C,#N/C,#N/C,2023-08-26 11:04:12.000
3207,FAIR-D,FAIR-D1,Site 1,Maize Field,2023-08-26 11:04:12.000,2023-08-26 11:04:23.000,00:00:11,fly,Insecta,Diptera,Brachycera,Muscoidea,#N/C,#N/C,#N/C,#N/C,2023-08-26 11:04:12.000
3208,FAIR-D,FAIR-D1,Site 1,Maize Field,2023-08-26 11:10:17.000,2023-08-26 11:11:20.000,00:01:03,fly,Insecta,Diptera,Brachycera,#N/C,#N/C,#N/C,#N/C,#N/C,2023-08-26 11:10:17.000
3209,FAIR-D,FAIR-D1,Site 1,Maize Field,2023-08-26 11:14:33.000,2023-08-26 11:14:40.000,00:00:07,wasp,Insecta,Hymenoptera,Apocrita,Vespoidea,Vespidae,Vespinae,Vespula,#N/C,2023-08-26 11:14:33.000
3210,FAIR-D,FAIR-D1,Site 1,Maize Field,2023-08-26 11:17:38.000,2023-08-26 11:17:43.000,00:00:05,fly,Insecta,Diptera,Brachycera,Muscoidea,Fanniidae,-,Fannia,#N/C,2023-08-26 11:17:38.000
3211,FAIR-D,FAIR-D1,Site 1,Maize Field,2023-08-26 11:21:10.000,2023-08-26 11:21:16.000,00:00:06,fly,Insecta,Diptera,Brachycera,#N/C,#N/C,#N/C,#N/C,#N/C,2023-08-26 11:21:10.000
3212,FAIR-D,FAIR-D1,Site 1,Maize Field,2023-08-26 11:35:43.000,2023-08-26 11:35:50.000,00:00:07,fly,Insecta,Diptera,Brachycera,#N/C,#N/C,#N/C,#N/C,#N/C,2023-08-26 11:35:43.000
3213,FAIR-D,FAIR-D1,Site 1,Maize Field,2023-08-26 11:35:51.000,2023-08-26 11:35:56.000,00:00:05,fly,Insecta,#N/C,#N/C,#N/C,#N/C,#N/C,#N/C,#N/C,2023-08-26 11:35:51.000
3215,FAIR-D,FAIR-D1,Site 1,Maize Field,2023-08-26 11:36:49.000,2023-08-26 11:37:02.000,00:00:13,fly,Insecta,#N/C,#N/C,#N/C,#N/C,#N/C,#N/C,#N/C,2023-08-26 11:36:49.000
3214,FAIR-D,FAIR-D1,Site 1,Maize Field,2023-08-26 11:36:49.000,2023-08-26 11:37:02.000,00:00:13,fly,Insecta,Diptera,Brachycera,Muscoidea,#N/C,#N/C,#N/C,#N/C,2023-08-26 11:36:49.000
3216,FAIR-D,FAIR-D1,Site 1,Maize Field,2023-08-26 11:47:18.000,2023-08-26 11:50:01.000,00:02:43,fly,Insecta,Diptera,Brachycera,#N/C,#N/C,#N/C,#N/C,#N/C,2023-08-26 11:47:18.000
3217,FAIR-D,FAIR-D1,Site 1,Maize Field,2023-08-26 11:48:25.000,2023-08-26 11:48:29.000,00:00:04,?,Insecta,Diptera,Brachycera,#N/C,#N/C,#N/C,#N/C,#N/C,2023-08-26 11:48:25.000
3218,FAIR-D,FAIR-D1,Site 1,Maize Field,2023-08-26 11:49:05.000,2023-08-26 11:49:30.000,00:00:25,fly,Insecta,Diptera,Brachycera,#N/C,#N/C,#N/C,#N/C,#N/C,2023-08-26 11:49:05.000
3219,FAIR-D,FAIR-D1,Site 1,Maize Field,2023-08-26 11:49:15.000,2023-08-26 11:49:26.000,00:00:11,fly,Insecta,Diptera,Brachycera,Muscoidea,Fanniidae,-,Fannia,#N/C,2023-08-26 11:49:15.000
3220,FAIR-D,FAIR-D1,Site 1,Maize Field,2023-08-26 11:52:46.000,2023-08-26 11:57:26.000,00:04:40,fly,Insecta,Diptera,Brachycera,#N/C,#N/C,#N/C,#N/C,#N/C,2023-08-26 11:52:46.000
3221,FAIR-D,FAIR-D1,Site 1,Maize Field,2023-08-26 11:53:17.000,2023-08-26 11:53:29.000,00:00:12,fly,Insecta,Diptera,Brachycera,Muscoidea,Fanniidae,-,Fannia,#N/C,2023-08-26 11:53:17.000
3222,FAIR-D,FAIR-D1,Site 1,Maize Field,2023-08-26 11:57:18.000,2023-08-26 11:57:26.000,00:00:08,fly,Insecta,Diptera,Brachycera,Oestroidea,Sacrophagidae,#N/C,#N/C,#N/C,2023-08-26 11:57:18.000
3223,FAIR-D,FAIR-D1,Site 1,Maize Field,2023-08-26 12:01:51.000,2023-08-26 12:02:03.000,00:00:12,fly,Insecta,Diptera,Brachycera,Muscoidea,Fanniidae,-,Fannia,#N/C,2023-08-26 12:01:51.000
3224,FAIR-D,FAIR-D1,Site 1,Maize Field,2023-08-26 12:05:23.000,2023-08-26 12:06:11.000,00:00:48,fly,Insecta,Diptera,Brachycera,Muscoidea,#N/C,#N/C,#N/C,#N/C,2023-08-26 12:05:23.000
3225,FAIR-D,FAIR-D1,Site 1,Maize Field,2023-08-26 12:06:08.000,2023-08-26 12:06:11.000,00:00:03,fly,Insecta,Diptera,Brachycera,Muscoidea,Fanniidae,-,Fannia,#N/C,2023-08-26 12:06:08.000
3226,FAIR-D,FAIR-D1,Site 1,Maize Field,2023-08-26 12:06:16.000,2023-08-26 12:06:20.000,00:00:04,fly,Insecta,Diptera,Brachycera,Muscoidea,#N/C,#N/C,#N/C,#N/C,2023-08-26 12:06:16.000
837,ID,ID-1,Site 1,Maize Field,2023-08-26 12:07:23.118,2023-08-26 12:07:46.264,00:00:23.146000,flesh_fly,Insecta,Diptera,Brachycera,Oestroidea,Sarcophagidae,#N/C,#N/C,#N/C,2023-08-26 12:07:23.118
838,ID,ID-1,Site 1,Maize Field,2023-08-26 12:07:50.535,2023-08-26 12:07:54.845,00:00:04.310000,flesh_fly,Insecta,Diptera,Brachycera,Oestroidea,Sarcophagidae,#N/C,#N/C,#N/C,2023-08-26 12:07:50.535
839,ID,ID-1,Site 1,Maize Field,2023-08-26 12:08:01.987,2023-08-26 12:08:07.751,00:00:05.764000,flesh_fly,Insecta,Diptera,Brachycera,Oestroidea,Sarcophagidae,#N/C,#N/C,#N/C,2023-08-26 12:08:01.987
840,ID,ID-1,Site 1,Maize Field,2023-08-26 12:08:10.572,2023-08-26 12:08:27.701,00:00:17.129000,flesh_fly,Insecta,Diptera,Brachycera,Oestroidea,Sarcophagidae,#N/C,#N/C,#N/C,2023-08-26 12:08:10.572
841,ID,ID-1,Site 1,Maize Field,2023-08-26 12:08:30.511,2023-08-26 12:08:36.243,00:00:05.732000,flesh_fly,Insecta,Diptera,Brachycera,Oestroidea,Sarcophagidae,#N/C,#N/C,#N/C,2023-08-26 12:08:30.511
842,ID,ID-1,Site 1,Maize Field,2023-08-26 12:08:37.648,2023-08-26 12:08:44.723,00:00:07.075000,flesh_fly,Insecta,Diptera,Brachycera,Oestroidea,Sarcophagidae,#N/C,#N/C,#N/C,2023-08-26 12:08:37.648
843,ID,ID-1,Site 1,Maize Field,2023-08-26 12:08:46.138,2023-08-26 12:10:26.116,00:01:39.978000,flesh_fly,Insecta,Diptera,Brachycera,Oestroidea,Sarcophagidae,#N/C,#N/C,#N/C,2023-08-26 12:08:46.138
844,ID,ID-1,Site 1,Maize Field,2023-08-26 12:10:28.963,2023-08-26 12:10:37.562,00:00:08.599000,flesh_fly,Insecta,Diptera,Brachycera,Oestroidea,Sarcophagidae,#N/C,#N/C,#N/C,2023-08-26 12:10:28.963
845,ID,ID-1,Site 1,Maize Field,2023-08-26 12:16:06.588,2023-08-26 12:16:22.263,00:00:15.675000,fly,Insecta,Diptera,Brachycera,#N/C,#N/C,#N/C,#N/C,#N/C,2023-08-26 12:16:06.588
3227,FAIR-D,FAIR-D1,Site 1,Maize Field,2023-08-26 12:22:14.000,2023-08-26 12:22:20.000,00:00:06,fly,Insecta,Diptera,Brachycera,Muscoidea,Fanniidae,-,Fannia,#N/C,2023-08-26 12:22:14.000
3228,FAIR-D,FAIR-D1,Site 1,Maize Field,2023-08-26 12:25:10.000,2023-08-26 12:26:43.000,00:01:33,fly,Insecta,Diptera,Brachycera,#N/C,#N/C,#N/C,#N/C,#N/C,2023-08-26 12:25:10.000
3229,FAIR-D,FAIR-D1,Site 1,Maize Field,2023-08-26 12:38:34.000,2023-08-26 12:38:38.000,00:00:04,fly,Insecta,Diptera,Brachycera,Muscoidea,Fanniidae,-,Fannia,#N/C,2023-08-26 12:38:34.000
3230,FAIR-D,FAIR-D1,Site 1,Maize Field,2023-08-26 12:48:53.000,2023-08-26 12:49:06.000,00:00:13,fly,Insecta,Diptera,Brachycera,Muscoidea,Fanniidae,-,Fannia,#N/C,2023-08-26 12:48:53.000
3231,FAIR-D,FAIR-D1,Site 1,Maize Field,2023-08-26 12:49:27.000,2023-08-26 12:49:54.000,00:00:27,fly,Insecta,Diptera,Brachycera,#N/C,#N/C,#N/C,#N/C,#N/C,2023-08-26 12:49:27.000
3233,FAIR-D,FAIR-D1,Site 1,Maize Field,2023-08-26 13:00:36.000,2023-08-26 13:00:50.000,00:00:14,fly,Insecta,Diptera,Brachycera,#N/C,#N/C,#N/C,#N/C,#N/C,2023-08-26 13:00:36.000
3232,FAIR-D,FAIR-D1,Site 1,Maize Field,2023-08-26 13:00:36.000,2023-08-26 13:00:46.000,00:00:10,fly,Insecta,Diptera,Brachycera,Muscoidea,#N/C,#N/C,#N/C,#N/C,2023-08-26 13:00:36.000
846,ID,ID-1,Site 1,Maize Field,2023-08-26 13:03:55.104,2023-08-26 13:05:02.223,00:01:07.119000,flesh_fly,Insecta,Diptera,Brachycera,Oestroidea,Sarcophagidae,#N/C,#N/C,#N/C,2023-08-26 13:03:55.104
847,ID,ID-1,Site 1,Maize Field,2023-08-26 13:15:20.272,2023-08-26 13:15:30.201,00:00:09.929000,fly,Insecta,Diptera,Brachycera,#N/C,#N/C,#N/C,#N/C,#N/C,2023-08-26 13:15:20.272
848,ID,ID-1,Site 1,Maize Field,2023-08-26 13:23:34.503,2023-08-26 13:23:53.047,00:00:18.544000,hoverfly,Insecta,Diptera,Brachycera,Syrphoidea,Syrphidae,Syrphinae,Sphaerophoria,#N/C,2023-08-26 13:23:34.503
849,ID,ID-1,Site 1,Maize Field,2023-08-26 13:28:17.030,2023-08-26 13:28:22.652,00:00:05.622000,fly,Insecta,Diptera,Brachycera,#N/C,#N/C,#N/C,#N/C,#N/C,2023-08-26 13:28:17.030
3234,FAIR-D,FAIR-D1,Site 1,Maize Field,2023-08-26 13:52:59.000,2023-08-26 13:53:18.000,00:00:19,fly,Insecta,Diptera,Brachycera,Muscoidea,Fanniidae,-,Fannia,#N/C,2023-08-26 13:52:59.000
850,ID,ID-1,Site 1,Maize Field,2023-08-26 14:02:50.134,2023-08-26 14:03:08.744,00:00:18.610000,flesh_fly,Insecta,Diptera,Brachycera,Oestroidea,Sarcophagidae,#N/C,#N/C,#N/C,2023-08-26 14:02:50.134
3235,FAIR-D,FAIR-D1,Site 1,Maize Field,2023-08-26 14:05:51.000,2023-08-26 14:06:03.000,00:00:12,fly,Insecta,#N/C,#N/C,#N/C,#N/C,#N/C,#N/C,#N/C,2023-08-26 14:05:51.000
3236,FAIR-D,FAIR-D1,Site 1,Maize Field,2023-08-26 14:10:02.000,2023-08-26 14:10:48.000,00:00:46,fly,Insecta,Diptera,Brachycera,Muscoidea,Fanniidae,-,Fannia,#N/C,2023-08-26 14:10:02.000
851,ID,ID-1,Site 1,Maize Field,2023-08-26 14:13:37.077,2023-08-26 14:18:02.793,00:04:25.716000,flesh_fly,Insecta,Diptera,Brachycera,Oestroidea,Sarcophagidae,#N/C,#N/C,#N/C,2023-08-26 14:13:37.077
852,ID,ID-1,Site 1,Maize Field,2023-08-26 14:25:04.001,2023-08-26 14:25:06.833,00:00:02.832000,fly,Insecta,Diptera,Brachycera,#N/C,#N/C,#N/C,#N/C,#N/C,2023-08-26 14:25:04.001
3237,FAIR-D,FAIR-D1,Site 1,Maize Field,2023-08-26 14:25:09.000,2023-08-26 14:25:27.000,00:00:18,fly,Insecta,Diptera,Brachycera,Muscoidea,Fanniidae,-,Fannia,#N/C,2023-08-26 14:25:09.000
853,ID,ID-1,Site 1,Maize Field,2023-08-26 14:25:33.543,2023-08-26 14:26:49.313,00:01:15.770000,hoverfly,Insecta,Diptera,Brachycera,Syrphoidea,Syrphidae,Syrphinae,Episyrphus,balteatus,2023-08-26 14:25:33.543
854,ID,ID-1,Site 1,Maize Field,2023-08-26 14:26:23.652,2023-08-26 14:26:26.558,00:00:02.906000,fly,Insecta,Diptera,Brachycera,#N/C,#N/C,#N/C,#N/C,#N/C,2023-08-26 14:26:23.652
855,ID,ID-1,Site 1,Maize Field,2023-08-26 14:26:30.834,2023-08-26 14:26:33.699,00:00:02.865000,fly,Insecta,Diptera,Brachycera,#N/C,#N/C,#N/C,#N/C,#N/C,2023-08-26 14:26:30.834
856,ID,ID-1,Site 1,Maize Field,2023-08-26 14:26:52.196,2023-08-26 14:27:22.185,00:00:29.989000,hoverfly,Insecta,Diptera,Brachycera,Syrphoidea,Syrphidae,Syrphinae,Episyrphus,balteatus,2023-08-26 14:26:52.196
857,ID,ID-1,Site 1,Maize Field,2023-08-26 14:27:25.014,2023-08-26 14:28:00.633,00:00:35.619000,hoverfly,Insecta,Diptera,Brachycera,Syrphoidea,Syrphidae,Syrphinae,Episyrphus,balteatus,2023-08-26 14:27:25.014
858,ID,ID-1,Site 1,Maize Field,2023-08-26 14:28:04.915,2023-08-26 14:28:44.652,00:00:39.737000,hoverfly,Insecta,Diptera,Brachycera,Syrphoidea,Syrphidae,Syrphinae,Episyrphus,balteatus,2023-08-26 14:28:04.915
859,ID,ID-1,Site 1,Maize Field,2023-08-26 14:28:46.098,2023-08-26 14:30:53.994,00:02:07.896000,hoverfly,Insecta,Diptera,Brachycera,Syrphoidea,Syrphidae,Syrphinae,Episyrphus,balteatus,2023-08-26 14:28:46.098
3239,FAIR-D,FAIR-D1,Site 1,Maize Field,2023-08-26 14:28:54.000,2023-08-26 14:29:47.000,00:00:53,fly,Insecta,Diptera,Brachycera,Muscoidea,Fanniidae,-,Fannia,#N/C,2023-08-26 14:28:54.000
3238,FAIR-D,FAIR-D1,Site 1,Maize Field,2023-08-26 14:28:54.000,2023-08-26 14:29:06.000,00:00:12,fly,Insecta,Diptera,Brachycera,Muscoidea,Fanniidae,-,Fannia,#N/C,2023-08-26 14:28:54.000
3240,FAIR-D,FAIR-D1,Site 1,Maize Field,2023-08-26 14:29:06.000,2023-08-26 14:29:16.000,00:00:10,fly,Insecta,Diptera,Brachycera,#N/C,#N/C,#N/C,#N/C,#N/C,2023-08-26 14:29:06.000
3241,FAIR-D,FAIR-D1,Site 1,Maize Field,2023-08-26 14:29:35.000,2023-08-26 14:29:43.000,00:00:08,fly,Insecta,Diptera,Brachycera,Muscoidea,Fanniidae,-,Fannia,#N/C,2023-08-26 14:29:35.000
860,ID,ID-1,Site 1,Maize Field,2023-08-26 14:32:11.429,2023-08-26 14:32:59.812,00:00:48.383000,hoverfly,Insecta,Diptera,Brachycera,Syrphoidea,Syrphidae,Syrphinae,Episyrphus,balteatus,2023-08-26 14:32:11.429
861,ID,ID-1,Site 1,Maize Field,2023-08-26 14:33:01.220,2023-08-26 14:34:26.731,00:01:25.511000,hoverfly,Insecta,Diptera,Brachycera,Syrphoidea,Syrphidae,Syrphinae,Episyrphus,balteatus,2023-08-26 14:33:01.220
3242,FAIR-D,FAIR-D1,Site 1,Maize Field,2023-08-26 14:35:54.000,2023-08-26 14:36:00.000,00:00:06,bee,Insecta,Hymenoptera,Apocrita,Apoidea,Apidae,Apinae,#N/C,#N/C,2023-08-26 14:35:54.000
862,ID,ID-1,Site 1,Maize Field,2023-08-26 14:40:21.455,2023-08-26 14:40:44.304,00:00:22.849000,fly,Insecta,Diptera,Brachycera,#N/C,#N/C,#N/C,#N/C,#N/C,2023-08-26 14:40:21.455
3244,FAIR-D,FAIR-D1,Site 1,Maize Field,2023-08-26 14:49:12.000,2023-08-26 14:49:23.000,00:00:11,fly,Insecta,Diptera,Brachycera,#N/C,#N/C,#N/C,#N/C,#N/C,2023-08-26 14:49:12.000
3243,FAIR-D,FAIR-D1,Site 1,Maize Field,2023-08-26 14:49:12.000,2023-08-26 14:49:21.000,00:00:09,fly,Insecta,Diptera,Brachycera,Muscoidea,Fanniidae,-,Fannia,#N/C,2023-08-26 14:49:12.000
3245,FAIR-D,FAIR-D1,Site 1,Maize Field,2023-08-26 14:50:20.000,2023-08-26 14:50:32.000,00:00:12,fly,Insecta,Diptera,Brachycera,#N/C,#N/C,#N/C,#N/C,#N/C,2023-08-26 14:50:20.000
3246,FAIR-D,FAIR-D1,Site 1,Maize Field,2023-08-26 14:50:20.000,2023-08-26 14:50:32.000,00:00:12,fly,Insecta,#N/C,#N/C,#N/C,#N/C,#N/C,#N/C,#N/C,2023-08-26 14:50:20.000
3247,FAIR-D,FAIR-D1,Site 1,Maize Field,2023-08-26 14:52:49.000,2023-08-26 14:53:14.000,00:00:25,fly,Insecta,Diptera,Brachycera,Muscoidea,Fanniidae,-,Fannia,#N/C,2023-08-26 14:52:49.000
3248,FAIR-D,FAIR-D1,Site 1,Maize Field,2023-08-26 14:54:40.000,2023-08-26 14:55:53.000,00:01:13,fly,Insecta,Diptera,Brachycera,Muscoidea,#N/C,#N/C,#N/C,#N/C,2023-08-26 14:54:40.000
3250,FAIR-D,FAIR-D1,Site 1,Maize Field,2023-08-26 14:55:45.000,2023-08-26 14:55:47.000,00:00:02,fly,Insecta,Diptera,Brachycera,#N/C,#N/C,#N/C,#N/C,#N/C,2023-08-26 14:55:45.000
3249,FAIR-D,FAIR-D1,Site 1,Maize Field,2023-08-26 14:55:45.000,2023-08-26 14:55:50.000,00:00:05,fly,Insecta,Diptera,Brachycera,Muscoidea,Fanniidae,-,Fannia,#N/C,2023-08-26 14:55:45.000
3251,FAIR-D,FAIR-D1,Site 1,Maize Field,2023-08-26 14:58:35.000,2023-08-26 14:58:50.000,00:00:15,fly,Insecta,Diptera,Brachycera,Muscoidea,#N/C,#N/C,#N/C,#N/C,2023-08-26 14:58:35.000
3252,FAIR-D,FAIR-D1,Site 1,Maize Field,2023-08-26 15:04:32.000,2023-08-26 15:04:39.000,00:00:07,fly,Insecta,Diptera,Brachycera,Muscoidea,#N/C,#N/C,#N/C,#N/C,2023-08-26 15:04:32.000
3253,FAIR-D,FAIR-D1,Site 1,Maize Field,2023-08-26 15:16:25.000,2023-08-26 15:16:47.000,00:00:22,fly,Insecta,Diptera,Brachycera,Muscoidea,Fanniidae,-,Fannia,#N/C,2023-08-26 15:16:25.000
3255,FAIR-D,FAIR-D1,Site 1,Maize Field,2023-08-26 15:17:10.000,2023-08-26 15:17:47.000,00:00:37,fly,Insecta,Diptera,Brachycera,Muscoidea,#N/C,#N/C,#N/C,#N/C,2023-08-26 15:17:10.000
3254,FAIR-D,FAIR-D1,Site 1,Maize Field,2023-08-26 15:17:10.000,2023-08-26 15:18:18.000,00:01:08,fly,Insecta,Diptera,Brachycera,Muscoidea,#N/C,#N/C,#N/C,#N/C,2023-08-26 15:17:10.000
3256,FAIR-D,FAIR-D1,Site 1,Maize Field,2023-08-26 15:20:00.000,2023-08-26 15:20:32.000,00:00:32,fly,Insecta,Diptera,Brachycera,Muscoidea,Fanniidae,-,Fannia,#N/C,2023-08-26 15:20:00.000
3257,FAIR-D,FAIR-D1,Site 1,Maize Field,2023-08-26 15:31:16.000,2023-08-26 15:31:30.000,00:00:14,fly,Insecta,Diptera,Brachycera,Muscoidea,Fanniidae,-,Fannia,#N/C,2023-08-26 15:31:16.000
3258,FAIR-D,FAIR-D1,Site 1,Maize Field,2023-08-26 15:51:08.000,2023-08-26 15:51:30.000,00:00:22,fly,Insecta,Diptera,Brachycera,Muscoidea,Fanniidae,-,Fannia,#N/C,2023-08-26 15:51:08.000
3259,FAIR-D,FAIR-D1,Site 1,Maize Field,2023-08-26 16:00:42.000,2023-08-26 16:01:13.000,00:00:31,fly,Insecta,Diptera,Brachycera,Muscoidea,Fanniidae,-,Fannia,#N/C,2023-08-26 16:00:42.000
3260,FAIR-D,FAIR-D1,Site 1,Maize Field,2023-08-26 17:11:45.000,2023-08-26 17:13:11.000,00:01:26,fly,Insecta,Diptera,Brachycera,Muscoidea,#N/C,#N/C,#N/C,#N/C,2023-08-26 17:11:45.000
863,ID,ID-1,Site 1,Maize Field,2023-08-26 18:10:25.930,2023-08-26 18:10:30.168,00:00:04.238000,fly,Insecta,Diptera,Brachycera,#N/C,#N/C,#N/C,#N/C,#N/C,2023-08-26 18:10:25.930
864,ID,ID-1,Site 1,Maize Field,2023-08-27 07:03:05.290,2023-08-27 07:03:23.819,00:00:18.529000,fly,Insecta,Diptera,Brachycera,#N/C,#N/C,#N/C,#N/C,#N/C,2023-08-27 07:03:05.290
865,ID,ID-1,Site 1,Maize Field,2023-08-27 07:03:47.655,2023-08-27 07:04:21.890,00:00:34.235000,fly,Insecta,Diptera,Brachycera,#N/C,#N/C,#N/C,#N/C,#N/C,2023-08-27 07:03:47.655
866,ID,ID-1,Site 1,Maize Field,2023-08-27 09:20:21.643,2023-08-27 09:20:30.204,00:00:08.561000,fly,Insecta,Diptera,Brachycera,#N/C,#N/C,#N/C,#N/C,#N/C,2023-08-27 09:20:21.643
3261,FAIR-D,FAIR-D1,Site 1,Maize Field,2023-08-27 09:25:32.000,2023-08-27 09:25:40.000,00:00:08,fly,Insecta,Diptera,Brachycera,Muscoidea,Fanniidae,-,Fannia,#N/C,2023-08-27 09:25:32.000
3262,FAIR-D,FAIR-D1,Site 1,Maize Field,2023-08-27 09:46:45.000,2023-08-27 09:46:58.000,00:00:13,fly,Insecta,Diptera,Brachycera,#N/C,#N/C,#N/C,#N/C,#N/C,2023-08-27 09:46:45.000
3264,FAIR-D,FAIR-D1,Site 1,Maize Field,2023-08-27 09:52:31.000,2023-08-27 09:52:48.000,00:00:17,fly,Insecta,Diptera,Brachycera,Muscoidea,Fanniidae,-,Fannia,#N/C,2023-08-27 09:52:31.000
3263,FAIR-D,FAIR-D1,Site 1,Maize Field,2023-08-27 09:52:31.000,2023-08-27 09:52:45.000,00:00:14,fly,Insecta,Diptera,Brachycera,Muscoidea,Fanniidae,-,Fannia,#N/C,2023-08-27 09:52:31.000
3265,FAIR-D,FAIR-D1,Site 1,Maize Field,2023-08-27 09:53:00.000,2023-08-27 09:53:40.000,00:00:40,fly,Insecta,Diptera,Brachycera,Muscoidea,Fanniidae,-,Fannia,#N/C,2023-08-27 09:53:00.000
3266,FAIR-D,FAIR-D1,Site 1,Maize Field,2023-08-27 09:53:07.000,2023-08-27 09:54:17.000,00:01:10,fly,Insecta,Diptera,Brachycera,Muscoidea,Fanniidae,-,Fannia,#N/C,2023-08-27 09:53:07.000
3267,FAIR-D,FAIR-D1,Site 1,Maize Field,2023-08-27 09:53:33.000,2023-08-27 09:53:39.000,00:00:06,fly,Insecta,Diptera,Brachycera,#N/C,#N/C,#N/C,#N/C,#N/C,2023-08-27 09:53:33.000
3268,FAIR-D,FAIR-D1,Site 1,Maize Field,2023-08-27 09:59:15.000,2023-08-27 09:59:29.000,00:00:14,fly,Insecta,Diptera,Brachycera,Muscoidea,#N/C,#N/C,#N/C,#N/C,2023-08-27 09:59:15.000
3269,FAIR-D,FAIR-D1,Site 1,Maize Field,2023-08-27 10:05:35.000,2023-08-27 10:22:10.000,00:16:35,fly,Insecta,Diptera,Brachycera,Muscoidea,#N/C,#N/C,#N/C,#N/C,2023-08-27 10:05:35.000
3270,FAIR-D,FAIR-D1,Site 1,Maize Field,2023-08-27 10:21:40.000,2023-08-27 10:22:12.000,00:00:32,?,Insecta,Diptera,Brachycera,#N/C,#N/C,#N/C,#N/C,#N/C,2023-08-27 10:21:40.000
3271,FAIR-D,FAIR-D1,Site 1,Maize Field,2023-08-27 10:29:49.000,2023-08-27 10:30:08.000,00:00:19,fly,Insecta,Diptera,Brachycera,Muscoidea,Fanniidae,-,Fannia,#N/C,2023-08-27 10:29:49.000
3272,FAIR-D,FAIR-D1,Site 1,Maize Field,2023-08-27 10:35:18.000,2023-08-27 10:37:17.000,00:01:59,fly,Insecta,Diptera,Brachycera,Muscoidea,Fanniidae,-,Fannia,#N/C,2023-08-27 10:35:18.000
3273,FAIR-D,FAIR-D1,Site 1,Maize Field,2023-08-27 10:35:53.000,2023-08-27 10:41:39.000,00:05:46,fly,Insecta,Diptera,Brachycera,Muscoidea,Fanniidae,-,Fannia,#N/C,2023-08-27 10:35:53.000
3274,FAIR-D,FAIR-D1,Site 1,Maize Field,2023-08-27 10:43:10.000,2023-08-27 10:43:33.000,00:00:23,fly,Insecta,Diptera,Brachycera,Muscoidea,Fanniidae,-,Fannia,#N/C,2023-08-27 10:43:10.000
3275,FAIR-D,FAIR-D1,Site 1,Maize Field,2023-08-27 11:07:15.000,2023-08-27 11:09:50.000,00:02:35,fly,Insecta,Diptera,Brachycera,Muscoidea,#N/C,#N/C,#N/C,#N/C,2023-08-27 11:07:15.000
3276,FAIR-D,FAIR-D1,Site 1,Maize Field,2023-08-27 11:07:15.000,2023-08-27 11:09:00.000,00:01:45,fly,Insecta,Diptera,Brachycera,Muscoidea,#N/C,#N/C,#N/C,#N/C,2023-08-27 11:07:15.000
3277,FAIR-D,FAIR-D1,Site 1,Maize Field,2023-08-27 11:09:27.000,2023-08-27 11:09:48.000,00:00:21,fly,Insecta,Diptera,Brachycera,Muscoidea,#N/C,#N/C,#N/C,#N/C,2023-08-27 11:09:27.000
3278,FAIR-D,FAIR-D1,Site 1,Maize Field,2023-08-27 11:21:07.000,2023-08-27 11:21:40.000,00:00:33,fly,Insecta,Diptera,Brachycera,Muscoidea,#N/C,#N/C,#N/C,#N/C,2023-08-27 11:21:07.000
3281,FAIR-D,FAIR-D1,Site 1,Maize Field,2023-08-27 11:34:54.000,2023-08-27 11:35:28.000,00:00:34,fly,Insecta,Diptera,Brachycera,Muscoidea,Fanniidae,-,Fannia,#N/C,2023-08-27 11:34:54.000
3280,FAIR-D,FAIR-D1,Site 1,Maize Field,2023-08-27 11:34:54.000,2023-08-27 11:37:56.000,00:03:02,fly,Insecta,#N/C,#N/C,#N/C,#N/C,#N/C,#N/C,#N/C,2023-08-27 11:34:54.000
3279,FAIR-D,FAIR-D1,Site 1,Maize Field,2023-08-27 11:34:54.000,2023-08-27 11:35:04.000,00:00:10,fly,Insecta,Diptera,Brachycera,Muscoidea,Fanniidae,-,Fannia,#N/C,2023-08-27 11:34:54.000
3283,FAIR-D,FAIR-D1,Site 1,Maize Field,2023-08-27 11:36:10.000,2023-08-27 11:36:28.000,00:00:18,fly,Insecta,Diptera,Brachycera,Muscoidea,#N/C,#N/C,#N/C,#N/C,2023-08-27 11:36:10.000
3282,FAIR-D,FAIR-D1,Site 1,Maize Field,2023-08-27 11:36:10.000,2023-08-27 11:36:21.000,00:00:11,fly,Insecta,Diptera,Brachycera,Muscoidea,Fanniidae,-,Fannia,#N/C,2023-08-27 11:36:10.000
3284,FAIR-D,FAIR-D1,Site 1,Maize Field,2023-08-27 11:37:45.000,2023-08-27 11:37:56.000,00:00:11,fly,Insecta,Diptera,Brachycera,Muscoidea,Fanniidae,-,Fannia,#N/C,2023-08-27 11:37:45.000
3285,FAIR-D,FAIR-D1,Site 1,Maize Field,2023-08-27 11:38:36.000,2023-08-27 11:38:46.000,00:00:10,fly,Insecta,Diptera,Brachycera,Muscoidea,Fanniidae,-,Fannia,#N/C,2023-08-27 11:38:36.000
3286,FAIR-D,FAIR-D1,Site 1,Maize Field,2023-08-27 11:38:36.000,2023-08-27 11:39:20.000,00:00:44,fly,Insecta,Diptera,Brachycera,Muscoidea,Fanniidae,-,Fannia,#N/C,2023-08-27 11:38:36.000
3287,FAIR-D,FAIR-D1,Site 1,Maize Field,2023-08-27 11:39:36.000,2023-08-27 11:40:10.000,00:00:34,fly,Insecta,Diptera,Brachycera,Muscoidea,Fanniidae,-,Fannia,#N/C,2023-08-27 11:39:36.000
3289,FAIR-D,FAIR-D1,Site 1,Maize Field,2023-08-27 11:49:44.000,2023-08-27 11:49:55.000,00:00:11,fly,Insecta,Diptera,Brachycera,#N/C,#N/C,#N/C,#N/C,#N/C,2023-08-27 11:49:44.000
3288,FAIR-D,FAIR-D1,Site 1,Maize Field,2023-08-27 11:49:44.000,2023-08-27 11:49:55.000,00:00:11,fly,Insecta,#N/C,#N/C,#N/C,#N/C,#N/C,#N/C,#N/C,2023-08-27 11:49:44.000
867,ID,ID-1,Site 1,Maize Field,2023-08-27 12:08:03.445,2023-08-27 12:08:20.604,00:00:17.159000,fly,Insecta,Diptera,Brachycera,#N/C,#N/C,#N/C,#N/C,#N/C,2023-08-27 12:08:03.445
3291,FAIR-D,FAIR-D1,Site 1,Maize Field,2023-08-27 12:13:33.000,2023-08-27 12:13:58.000,00:00:25,fly,Insecta,Diptera,Brachycera,Muscoidea,Fanniidae,-,Fannia,#N/C,2023-08-27 12:13:33.000
3290,FAIR-D,FAIR-D1,Site 1,Maize Field,2023-08-27 12:13:33.000,2023-08-27 12:13:43.000,00:00:10,fly,Insecta,Diptera,Brachycera,Muscoidea,Fanniidae,-,Fannia,#N/C,2023-08-27 12:13:33.000
3292,FAIR-D,FAIR-D1,Site 1,Maize Field,2023-08-27 12:58:20.000,2023-08-27 12:58:25.000,00:00:05,wasp,Insecta,Hymenoptera,Apocrita,Vespoidea,Vespidae,Vespinae,Vespula,#N/C,2023-08-27 12:58:20.000
868,ID,ID-1,Site 1,Maize Field,2023-08-27 13:00:53.847,2023-08-27 13:00:56.671,00:00:02.824000,fly,Insecta,Diptera,Brachycera,#N/C,#N/C,#N/C,#N/C,#N/C,2023-08-27 13:00:53.847
869,ID,ID-1,Site 1,Maize Field,2023-08-27 13:07:25.802,2023-08-27 13:08:08.439,00:00:42.637000,fly,Insecta,Diptera,Brachycera,#N/C,#N/C,#N/C,#N/C,#N/C,2023-08-27 13:07:25.802
870,ID,ID-1,Site 1,Maize Field,2023-08-27 13:12:53.563,2023-08-27 13:13:16.342,00:00:22.779000,fly,Insecta,Diptera,Brachycera,#N/C,#N/C,#N/C,#N/C,#N/C,2023-08-27 13:12:53.563
871,ID,ID-1,Site 1,Maize Field,2023-08-27 13:19:59.655,2023-08-27 13:20:25.644,00:00:25.989000,fly,Insecta,Diptera,Brachycera,#N/C,#N/C,#N/C,#N/C,#N/C,2023-08-27 13:19:59.655
3294,FAIR-D,FAIR-D1,Site 1,Maize Field,2023-08-27 13:29:55.000,2023-08-27 13:30:15.000,00:00:20,fly,Insecta,Diptera,Brachycera,Muscoidea,Fanniidae,-,Fannia,#N/C,2023-08-27 13:29:55.000
3293,FAIR-D,FAIR-D1,Site 1,Maize Field,2023-08-27 13:29:55.000,2023-08-27 13:30:06.000,00:00:11,fly,Insecta,Diptera,Brachycera,Muscoidea,#N/C,#N/C,#N/C,#N/C,2023-08-27 13:29:55.000
872,ID,ID-1,Site 1,Maize Field,2023-08-27 13:38:20.245,2023-08-27 13:40:49.912,00:02:29.667000,fly,Insecta,Diptera,Brachycera,#N/C,#N/C,#N/C,#N/C,#N/C,2023-08-27 13:38:20.245
3295,FAIR-D,FAIR-D1,Site 1,Maize Field,2023-08-27 13:41:07.000,2023-08-27 13:41:19.000,00:00:12,fly,Insecta,Diptera,Brachycera,#N/C,#N/C,#N/C,#N/C,#N/C,2023-08-27 13:41:07.000
3296,FAIR-D,FAIR-D1,Site 1,Maize Field,2023-08-27 13:42:17.000,2023-08-27 13:44:35.000,00:02:18,fly,Insecta,Diptera,Brachycera,#N/C,#N/C,#N/C,#N/C,#N/C,2023-08-27 13:42:17.000
3297,FAIR-D,FAIR-D1,Site 1,Maize Field,2023-08-27 13:42:17.000,2023-08-27 13:45:03.000,00:02:46,fly,Insecta,Diptera,Brachycera,Muscoidea,Fanniidae,-,Fannia,#N/C,2023-08-27 13:42:17.000
3298,FAIR-D,FAIR-D1,Site 1,Maize Field,2023-08-27 13:44:52.000,2023-08-27 13:45:03.000,00:00:11,fly,Insecta,Diptera,Brachycera,#N/C,#N/C,#N/C,#N/C,#N/C,2023-08-27 13:44:52.000
873,ID,ID-1,Site 1,Maize Field,2023-08-27 14:02:41.787,2023-08-27 14:03:15.893,00:00:34.106000,hoverfly,Insecta,Diptera,Brachycera,Syrphoidea,Syrphidae,Syrphinae,Sphaerophoria,#N/C,2023-08-27 14:02:41.787
3299,FAIR-D,FAIR-D1,Site 1,Maize Field,2023-08-27 14:07:13.000,2023-08-27 14:08:01.000,00:00:48,fly,Insecta,Diptera,Brachycera,Muscoidea,Fanniidae,-,Fannia,#N/C,2023-08-27 14:07:13.000
3300,FAIR-D,FAIR-D1,Site 1,Maize Field,2023-08-27 14:07:55.000,2023-08-27 14:08:07.000,00:00:12,fly,Insecta,Diptera,Brachycera,#N/C,#N/C,#N/C,#N/C,#N/C,2023-08-27 14:07:55.000
3302,FAIR-D,FAIR-D1,Site 1,Maize Field,2023-08-27 14:10:53.000,2023-08-27 14:11:06.000,00:00:13,fly,Insecta,#N/C,#N/C,#N/C,#N/C,#N/C,#N/C,#N/C,2023-08-27 14:10:53.000
3301,FAIR-D,FAIR-D1,Site 1,Maize Field,2023-08-27 14:10:53.000,2023-08-27 14:11:04.000,00:00:11,fly,Insecta,Diptera,Brachycera,Muscoidea,Fanniidae,-,Fannia,#N/C,2023-08-27 14:10:53.000
3303,FAIR-D,FAIR-D1,Site 1,Maize Field,2023-08-27 14:13:57.000,2023-08-27 14:14:08.000,00:00:11,fly,Insecta,#N/C,#N/C,#N/C,#N/C,#N/C,#N/C,#N/C,2023-08-27 14:13:57.000
874,ID,ID-1,Site 1,Maize Field,2023-08-27 14:33:12.673,2023-08-27 14:33:15.481,00:00:02.808000,fly,Insecta,Diptera,Brachycera,#N/C,#N/C,#N/C,#N/C,#N/C,2023-08-27 14:33:12.673
875,ID,ID-1,Site 1,Maize Field,2023-08-27 14:33:18.324,2023-08-27 14:33:35.434,00:00:17.110000,fly,Insecta,Diptera,Brachycera,#N/C,#N/C,#N/C,#N/C,#N/C,2023-08-27 14:33:18.324
876,ID,ID-1,Site 1,Maize Field,2023-08-27 14:34:34.392,2023-08-27 14:34:45.738,00:00:11.346000,fly,Insecta,Diptera,Brachycera,#N/C,#N/C,#N/C,#N/C,#N/C,2023-08-27 14:34:34.392
877,ID,ID-1,Site 1,Maize Field,2023-08-27 14:36:18.303,2023-08-27 14:36:29.633,00:00:11.330000,fly,Insecta,Diptera,Brachycera,#N/C,#N/C,#N/C,#N/C,#N/C,2023-08-27 14:36:18.303
3304,FAIR-D,FAIR-D1,Site 1,Maize Field,2023-08-27 14:55:00.000,2023-08-27 14:55:13.000,00:00:13,fly,Insecta,Diptera,Brachycera,Muscoidea,#N/C,#N/C,#N/C,#N/C,2023-08-27 14:55:00.000
878,ID,ID-1,Site 1,Maize Field,2023-08-27 18:03:28.428,2023-08-27 18:03:51.233,00:00:22.805000,fly,Insecta,Diptera,Brachycera,#N/C,#N/C,#N/C,#N/C,#N/C,2023-08-27 18:03:28.428
3305,FAIR-D,FAIR-D1,Site 1,Maize Field,2023-08-27 18:13:09.000,2023-08-27 18:14:00.000,00:00:51,fly,Insecta,Diptera,Brachycera,Muscoidea,Fanniidae,-,Fannia,#N/C,2023-08-27 18:13:09.000
879,ID,ID-1,Site 1,Maize Field,2023-08-27 18:28:45.575,2023-08-27 18:28:48.444,00:00:02.869000,fly,Insecta,Diptera,Brachycera,#N/C,#N/C,#N/C,#N/C,#N/C,2023-08-27 18:28:45.575
880,ID,ID-1,Site 1,Maize Field,2023-08-27 19:00:53.282,2023-08-27 19:00:57.572,00:00:04.290000,fly,Insecta,Diptera,Brachycera,#N/C,#N/C,#N/C,#N/C,#N/C,2023-08-27 19:00:53.282
3324,FAIR-D,FAIR-D1,Site 1,Maize Field,2023-08-28 07:15:01.000,2023-08-28 07:45:01.000,00:30:00,fly,Insecta,Diptera,Brachycera,#N/C,#N/C,#N/C,#N/C,#N/C,2023-08-28 07:15:01.000
881,ID,ID-1,Site 1,Maize Field,2023-08-28 08:03:46.412,2023-08-28 08:04:02.050,00:00:15.638000,fly,Insecta,Diptera,Brachycera,#N/C,#N/C,#N/C,#N/C,#N/C,2023-08-28 08:03:46.412
882,ID,ID-1,Site 1,Maize Field,2023-08-28 08:06:27.985,2023-08-28 08:06:50.743,00:00:22.758000,fly,Insecta,Diptera,Brachycera,#N/C,#N/C,#N/C,#N/C,#N/C,2023-08-28 08:06:27.985
883,ID,ID-1,Site 1,Maize Field,2023-08-28 08:19:20.910,2023-08-28 08:20:06.289,00:00:45.379000,fly,Insecta,Diptera,Brachycera,#N/C,#N/C,#N/C,#N/C,#N/C,2023-08-28 08:19:20.910
884,ID,ID-1,Site 1,Maize Field,2023-08-28 08:27:01.025,2023-08-28 08:27:11.074,00:00:10.049000,fly,Insecta,Diptera,Brachycera,#N/C,#N/C,#N/C,#N/C,#N/C,2023-08-28 08:27:01.025
3325,FAIR-D,FAIR-D1,Site 1,Maize Field,2023-08-28 08:51:28.000,2023-08-28 08:51:40.000,00:00:12,fly,Insecta,Diptera,Brachycera,Muscoidea,Fanniidae,-,Fannia,#N/C,2023-08-28 08:51:28.000
885,ID,ID-1,Site 1,Maize Field,2023-08-28 09:25:20.731,2023-08-28 09:26:40.407,00:01:19.676000,fly,Insecta,Diptera,Brachycera,#N/C,#N/C,#N/C,#N/C,#N/C,2023-08-28 09:25:20.731
886,ID,ID-1,Site 1,Maize Field,2023-08-28 09:35:51.758,2023-08-28 09:40:52.821,00:05:01.063000,beetle,Insecta,Coleoptera,#N/C,#N/C,#N/C,#N/C,#N/C,#N/C,2023-08-28 09:35:51.758
3326,FAIR-D,FAIR-D1,Site 1,Maize Field,2023-08-28 11:57:12.000,2023-08-28 11:57:59.000,00:00:47,fly,Insecta,Diptera,Brachycera,Muscoidea,Fanniidae,-,Fannia,#N/C,2023-08-28 11:57:12.000
887,ID,ID-1,Site 1,Maize Field,2023-08-28 12:00:55.147,2023-08-28 12:30:50.868,00:29:55.721000,fly,Insecta,Diptera,Brachycera,#N/C,#N/C,#N/C,#N/C,#N/C,2023-08-28 12:00:55.147
888,ID,ID-1,Site 1,Maize Field,2023-08-28 12:16:34.863,2023-08-28 12:17:06.796,00:00:31.933000,flesh_fly,Insecta,Diptera,Brachycera,Oestroidea,Sarcophagidae,#N/C,#N/C,#N/C,2023-08-28 12:16:34.863
3327,FAIR-D,FAIR-D1,Site 1,Maize Field,2023-08-28 12:35:00.000,2023-08-28 12:35:35.000,00:00:35,fly,Insecta,Diptera,Brachycera,#N/C,#N/C,#N/C,#N/C,#N/C,2023-08-28 12:35:00.000
889,ID,ID-1,Site 1,Maize Field,2023-08-28 13:01:41.062,2023-08-28 13:01:55.327,00:00:14.265000,fly,Insecta,Diptera,Brachycera,#N/C,#N/C,#N/C,#N/C,#N/C,2023-08-28 13:01:41.062
890,ID,ID-1,Site 1,Maize Field,2023-08-28 13:02:21.015,2023-08-28 13:02:36.869,00:00:15.854000,fly,Insecta,Diptera,Brachycera,#N/C,#N/C,#N/C,#N/C,#N/C,2023-08-28 13:02:21.015
891,ID,ID-1,Site 1,Maize Field,2023-08-28 13:07:59.053,2023-08-28 13:08:06.246,00:00:07.193000,fly,Insecta,Diptera,Brachycera,#N/C,#N/C,#N/C,#N/C,#N/C,2023-08-28 13:07:59.053
892,ID,ID-1,Site 1,Maize Field,2023-08-28 13:17:37.521,2023-08-28 13:18:18.840,00:00:41.319000,fly,Insecta,Diptera,Brachycera,#N/C,#N/C,#N/C,#N/C,#N/C,2023-08-28 13:17:37.521
893,ID,ID-1,Site 1,Maize Field,2023-08-28 13:20:24.897,2023-08-28 13:20:27.757,00:00:02.860000,fly,Insecta,Diptera,Brachycera,#N/C,#N/C,#N/C,#N/C,#N/C,2023-08-28 13:20:24.897
894,ID,ID-1,Site 1,Maize Field,2023-08-28 13:21:12.919,2023-08-28 13:21:17.255,00:00:04.336000,fly,Insecta,Diptera,Brachycera,#N/C,#N/C,#N/C,#N/C,#N/C,2023-08-28 13:21:12.919
895,ID,ID-1,Site 1,Maize Field,2023-08-28 13:21:20.172,2023-08-28 13:21:27.295,00:00:07.123000,fly,Insecta,Diptera,Brachycera,#N/C,#N/C,#N/C,#N/C,#N/C,2023-08-28 13:21:20.172
896,ID,ID-1,Site 1,Maize Field,2023-08-28 13:25:03.264,2023-08-28 13:25:10.413,00:00:07.149000,hoverfly,Insecta,Diptera,Brachycera,Syrphoidea,Syrphidae,Syrphinae,Sphaerophoria,#N/C,2023-08-28 13:25:03.264
897,ID,ID-1,Site 1,Maize Field,2023-08-28 13:26:32.132,2023-08-28 13:26:42.041,00:00:09.909000,fly,Insecta,Diptera,Brachycera,#N/C,#N/C,#N/C,#N/C,#N/C,2023-08-28 13:26:32.132
898,ID,ID-1,Site 1,Maize Field,2023-08-28 13:26:43.453,2023-08-28 13:26:49.180,00:00:05.727000,fly,Insecta,Diptera,Brachycera,#N/C,#N/C,#N/C,#N/C,#N/C,2023-08-28 13:26:43.453
899,ID,ID-1,Site 1,Maize Field,2023-08-28 13:27:20.164,2023-08-28 13:27:41.494,00:00:21.330000,fly,Insecta,Diptera,Brachycera,#N/C,#N/C,#N/C,#N/C,#N/C,2023-08-28 13:27:20.164
900,ID,ID-1,Site 1,Maize Field,2023-08-28 13:28:08.243,2023-08-28 13:28:18.144,00:00:09.901000,fly,Insecta,Diptera,Brachycera,#N/C,#N/C,#N/C,#N/C,#N/C,2023-08-28 13:28:08.243
901,ID,ID-1,Site 1,Maize Field,2023-08-28 13:28:51.820,2023-08-28 13:29:11.857,00:00:20.037000,fly,Insecta,Diptera,Brachycera,#N/C,#N/C,#N/C,#N/C,#N/C,2023-08-28 13:28:51.820
902,ID,ID-1,Site 1,Maize Field,2023-08-28 13:29:09.003,2023-08-28 13:29:50.555,00:00:41.552000,fly,Insecta,Diptera,Brachycera,#N/C,#N/C,#N/C,#N/C,#N/C,2023-08-28 13:29:09.003
903,ID,ID-1,Site 1,Maize Field,2023-08-28 14:03:38.729,2023-08-28 14:03:41.560,00:00:02.831000,fly,Insecta,Diptera,Brachycera,#N/C,#N/C,#N/C,#N/C,#N/C,2023-08-28 14:03:38.729
904,ID,ID-1,Site 1,Maize Field,2023-08-28 14:14:34.222,2023-08-28 14:15:18.256,00:00:44.034000,fly,Insecta,Diptera,Brachycera,#N/C,#N/C,#N/C,#N/C,#N/C,2023-08-28 14:14:34.222
905,ID,ID-1,Site 1,Maize Field,2023-08-28 14:15:46.264,2023-08-28 14:16:24.821,00:00:38.557000,fly,Insecta,Diptera,Brachycera,#N/C,#N/C,#N/C,#N/C,#N/C,2023-08-28 14:15:46.264
906,ID,ID-1,Site 1,Maize Field,2023-08-28 14:24:38.773,2023-08-28 14:24:41.643,00:00:02.870000,fly,Insecta,Diptera,Brachycera,#N/C,#N/C,#N/C,#N/C,#N/C,2023-08-28 14:24:38.773
907,ID,ID-1,Site 1,Maize Field,2023-08-28 14:25:05.740,2023-08-28 14:25:40.316,00:00:34.576000,fly,Insecta,Diptera,Brachycera,#N/C,#N/C,#N/C,#N/C,#N/C,2023-08-28 14:25:05.740
908,ID,ID-1,Site 1,Maize Field,2023-08-28 17:18:42.176,2023-08-28 17:19:07.956,00:00:25.780000,fly,Insecta,Diptera,Brachycera,#N/C,#N/C,#N/C,#N/C,#N/C,2023-08-28 17:18:42.176
909,ID,ID-1,Site 1,Maize Field,2023-08-28 17:20:27.795,2023-08-28 17:20:30.614,00:00:02.819000,fly,Insecta,Diptera,Brachycera,#N/C,#N/C,#N/C,#N/C,#N/C,2023-08-28 17:20:27.795
910,ID,ID-1,Site 1,Maize Field,2023-08-30 09:15:15.806,2023-08-30 09:15:23.164,00:00:07.358000,fly,Insecta,Diptera,Brachycera,#N/C,#N/C,#N/C,#N/C,#N/C,2023-08-30 09:15:15.806
911,ID,ID-1,Site 1,Maize Field,2023-08-30 09:15:39.118,2023-08-30 09:15:46.622,00:00:07.504000,fly,Insecta,Diptera,Brachycera,#N/C,#N/C,#N/C,#N/C,#N/C,2023-08-30 09:15:39.118
3328,FAIR-D,FAIR-D1,Site 1,Maize Field,2023-08-30 12:03:22.000,2023-08-30 12:03:28.000,00:00:06,wasp,Insecta,Hymenoptera,Apocrita,Vespoidea,Vespidae,Vespinae,Vespula,#N/C,2023-08-30 12:03:22.000
912,ID,ID-1,Site 1,Maize Field,2023-08-30 12:05:04.509,2023-08-30 12:06:05.519,00:01:01.010000,fly,Insecta,Diptera,Brachycera,#N/C,#N/C,#N/C,#N/C,#N/C,2023-08-30 12:05:04.509
913,ID,ID-1,Site 1,Maize Field,2023-08-30 12:05:55.274,2023-08-30 12:06:05.532,00:00:10.258000,fly,Insecta,Diptera,Brachycera,#N/C,#N/C,#N/C,#N/C,#N/C,2023-08-30 12:05:55.274
914,ID,ID-1,Site 1,Maize Field,2023-08-30 12:06:15.501,2023-08-30 12:06:25.522,00:00:10.021000,fly,Insecta,Diptera,Brachycera,#N/C,#N/C,#N/C,#N/C,#N/C,2023-08-30 12:06:15.501
915,ID,ID-1,Site 1,Maize Field,2023-08-30 12:06:50.976,2023-08-30 12:06:55.239,00:00:04.263000,fly,Insecta,Diptera,Brachycera,#N/C,#N/C,#N/C,#N/C,#N/C,2023-08-30 12:06:50.976
916,ID,ID-1,Site 1,Maize Field,2023-08-30 12:08:29.932,2023-08-30 12:09:29.085,00:00:59.153000,fly,Insecta,Diptera,Brachycera,#N/C,#N/C,#N/C,#N/C,#N/C,2023-08-30 12:08:29.932
917,ID,ID-1,Site 1,Maize Field,2023-08-30 12:11:39.832,2023-08-30 12:12:55.884,00:01:16.052000,fly,Insecta,Diptera,Brachycera,#N/C,#N/C,#N/C,#N/C,#N/C,2023-08-30 12:11:39.832
918,ID,ID-1,Site 1,Maize Field,2023-08-30 12:12:58.763,2023-08-30 12:14:03.248,00:01:04.485000,fly,Insecta,Diptera,Brachycera,#N/C,#N/C,#N/C,#N/C,#N/C,2023-08-30 12:12:58.763
919,ID,ID-1,Site 1,Maize Field,2023-08-30 12:15:20.713,2023-08-30 12:15:30.809,00:00:10.096000,fly,Insecta,Diptera,Brachycera,#N/C,#N/C,#N/C,#N/C,#N/C,2023-08-30 12:15:20.713
3329,FAIR-D,FAIR-D1,Site 1,Maize Field,2023-08-30 12:42:01.000,2023-08-30 12:42:12.000,00:00:11,fly,Insecta,Diptera,Brachycera,Muscoidea,#N/C,#N/C,#N/C,#N/C,2023-08-30 12:42:01.000
3330,FAIR-D,FAIR-D1,Site 1,Maize Field,2023-08-30 12:42:01.000,2023-08-30 12:42:12.000,00:00:11,fly,Insecta,Diptera,Brachycera,#N/C,#N/C,#N/C,#N/C,#N/C,2023-08-30 12:42:01.000
3331,FAIR-D,FAIR-D1,Site 1,Maize Field,2023-08-30 12:46:32.000,2023-08-30 12:47:16.000,00:00:44,fly,Insecta,Diptera,Brachycera,Muscoidea,Fanniidae,-,Fannia,#N/C,2023-08-30 12:46:32.000
3332,FAIR-D,FAIR-D1,Site 1,Maize Field,2023-08-30 12:47:11.000,2023-08-30 12:47:16.000,00:00:05,fly,Insecta,Diptera,Brachycera,#N/C,#N/C,#N/C,#N/C,#N/C,2023-08-30 12:47:11.000
3333,FAIR-D,FAIR-D1,Site 1,Maize Field,2023-08-30 13:02:07.000,2023-08-30 13:02:14.000,00:00:07,fly,Insecta,Diptera,Brachycera,Muscoidea,Fanniidae,-,Fannia,#N/C,2023-08-30 13:02:07.000
3334,FAIR-D,FAIR-D1,Site 1,Maize Field,2023-08-30 13:08:17.000,2023-08-30 13:08:31.000,00:00:14,fly,Insecta,Diptera,Brachycera,Muscoidea,Fanniidae,-,Fannia,#N/C,2023-08-30 13:08:17.000
3335,FAIR-D,FAIR-D1,Site 1,Maize Field,2023-08-30 13:08:23.000,2023-08-30 13:08:31.000,00:00:08,fly,Insecta,Diptera,Brachycera,Muscoidea,Fanniidae,-,Fannia,#N/C,2023-08-30 13:08:23.000
3336,FAIR-D,FAIR-D1,Site 1,Maize Field,2023-08-30 13:09:46.000,2023-08-30 13:09:57.000,00:00:11,fly,Insecta,Diptera,Brachycera,Muscoidea,#N/C,#N/C,#N/C,#N/C,2023-08-30 13:09:46.000
3337,FAIR-D,FAIR-D1,Site 1,Maize Field,2023-08-30 13:10:36.000,2023-08-30 13:10:45.000,00:00:09,fly,Insecta,Diptera,Brachycera,Muscoidea,#N/C,#N/C,#N/C,#N/C,2023-08-30 13:10:36.000
3338,FAIR-D,FAIR-D1,Site 1,Maize Field,2023-08-30 13:10:42.000,2023-08-30 13:23:41.000,00:12:59,fly,Insecta,Diptera,Brachycera,#N/C,#N/C,#N/C,#N/C,#N/C,2023-08-30 13:10:42.000
3339,FAIR-D,FAIR-D1,Site 1,Maize Field,2023-08-30 13:11:39.000,2023-08-30 13:11:50.000,00:00:11,fly,Insecta,Diptera,Brachycera,Muscoidea,#N/C,#N/C,#N/C,#N/C,2023-08-30 13:11:39.000
920,ID,ID-1,Site 1,Maize Field,2023-08-30 13:12:19.132,2023-08-30 13:13:36.445,00:01:17.313000,flesh_fly,Insecta,Diptera,Brachycera,Oestroidea,Sarcophagidae,#N/C,#N/C,#N/C,2023-08-30 13:12:19.132
3340,FAIR-D,FAIR-D1,Site 1,Maize Field,2023-08-30 13:23:36.000,2023-08-30 13:23:47.000,00:00:11,fly,Insecta,Diptera,Brachycera,#N/C,#N/C,#N/C,#N/C,#N/C,2023-08-30 13:23:36.000
921,ID,ID-1,Site 1,Maize Field,2023-08-30 13:24:50.034,2023-08-30 13:24:55.834,00:00:05.800000,flesh_fly,Insecta,Diptera,Brachycera,Oestroidea,Sarcophagidae,#N/C,#N/C,#N/C,2023-08-30 13:24:50.034
922,ID,ID-1,Site 1,Maize Field,2023-08-30 13:24:52.928,2023-08-30 13:24:57.314,00:00:04.386000,flesh_fly,Insecta,Diptera,Brachycera,Oestroidea,Sarcophagidae,#N/C,#N/C,#N/C,2023-08-30 13:24:52.928
923,ID,ID-1,Site 1,Maize Field,2023-08-30 13:25:36.054,2023-08-30 13:25:49.063,00:00:13.009000,fly,Insecta,Diptera,Brachycera,#N/C,#N/C,#N/C,#N/C,#N/C,2023-08-30 13:25:36.054
924,ID,ID-1,Site 1,Maize Field,2023-08-30 13:27:21.827,2023-08-30 13:27:39.335,00:00:17.508000,flesh_fly,Insecta,Diptera,Brachycera,Oestroidea,Sarcophagidae,#N/C,#N/C,#N/C,2023-08-30 13:27:21.827
925,ID,ID-1,Site 1,Maize Field,2023-08-30 13:27:40.793,2023-08-30 13:27:55.314,00:00:14.521000,flesh_fly,Insecta,Diptera,Brachycera,Oestroidea,Sarcophagidae,#N/C,#N/C,#N/C,2023-08-30 13:27:40.793
926,ID,ID-1,Site 1,Maize Field,2023-08-30 13:27:42.269,2023-08-30 13:27:55.351,00:00:13.082000,flesh_fly,Insecta,Diptera,Brachycera,Oestroidea,Sarcophagidae,#N/C,#N/C,#N/C,2023-08-30 13:27:42.269
927,ID,ID-1,Site 1,Maize Field,2023-08-30 13:28:03.943,2023-08-30 13:28:12.583,00:00:08.640000,fly,Insecta,Diptera,Brachycera,#N/C,#N/C,#N/C,#N/C,#N/C,2023-08-30 13:28:03.943
928,ID,ID-1,Site 1,Maize Field,2023-08-30 13:28:11.142,2023-08-30 13:28:38.402,00:00:27.260000,fly,Insecta,Diptera,Brachycera,#N/C,#N/C,#N/C,#N/C,#N/C,2023-08-30 13:28:11.142
929,ID,ID-1,Site 1,Maize Field,2023-08-30 13:28:44.065,2023-08-30 13:28:59.913,00:00:15.848000,fly,Insecta,Diptera,Brachycera,#N/C,#N/C,#N/C,#N/C,#N/C,2023-08-30 13:28:44.065
3341,FAIR-D,FAIR-D1,Site 1,Maize Field,2023-08-30 13:37:02.000,2023-08-30 13:37:43.000,00:00:41,?,Insecta,Hymenoptera,Apocrita,Ichneumonoidea,Ichneumonoidae,#N/C,#N/C,#N/C,2023-08-30 13:37:02.000
930,ID,ID-1,Site 1,Maize Field,2023-08-30 14:01:36.759,2023-08-30 14:02:50.555,00:01:13.796000,fly,Insecta,Diptera,Brachycera,#N/C,#N/C,#N/C,#N/C,#N/C,2023-08-30 14:01:36.759
931,ID,ID-1,Site 1,Maize Field,2023-08-30 14:02:47.656,2023-08-30 14:03:15.010,00:00:27.354000,flesh_fly,Insecta,Diptera,Brachycera,Oestroidea,Sarcophagidae,#N/C,#N/C,#N/C,2023-08-30 14:02:47.656
932,ID,ID-1,Site 1,Maize Field,2023-08-30 14:03:16.443,2023-08-30 14:04:09.370,00:00:52.927000,fly,Insecta,Diptera,Brachycera,#N/C,#N/C,#N/C,#N/C,#N/C,2023-08-30 14:03:16.443
933,ID,ID-1,Site 1,Maize Field,2023-08-30 14:03:36.894,2023-08-30 14:04:06.420,00:00:29.526000,flesh_fly,Insecta,Diptera,Brachycera,Oestroidea,Sarcophagidae,#N/C,#N/C,#N/C,2023-08-30 14:03:36.894
934,ID,ID-1,Site 1,Maize Field,2023-08-30 14:04:07.941,2023-08-30 14:11:18.414,00:07:10.473000,flesh_fly,Insecta,Diptera,Brachycera,Oestroidea,Sarcophagidae,#N/C,#N/C,#N/C,2023-08-30 14:04:07.941
935,ID,ID-1,Site 1,Maize Field,2023-08-30 14:04:25.484,2023-08-30 14:05:18.840,00:00:53.356000,fly,Insecta,Diptera,Brachycera,#N/C,#N/C,#N/C,#N/C,#N/C,2023-08-30 14:04:25.484
936,ID,ID-1,Site 1,Maize Field,2023-08-30 14:05:39.386,2023-08-30 14:10:27.939,00:04:48.553000,fly,Insecta,Diptera,Brachycera,#N/C,#N/C,#N/C,#N/C,#N/C,2023-08-30 14:05:39.386
937,ID,ID-1,Site 1,Maize Field,2023-08-30 14:05:49.790,2023-08-30 14:05:55.767,00:00:05.977000,fly,Insecta,Diptera,Brachycera,#N/C,#N/C,#N/C,#N/C,#N/C,2023-08-30 14:05:49.790
938,ID,ID-1,Site 1,Maize Field,2023-08-30 14:06:10.767,2023-08-30 14:06:18.230,00:00:07.463000,fly,Insecta,Diptera,Brachycera,#N/C,#N/C,#N/C,#N/C,#N/C,2023-08-30 14:06:10.767
939,ID,ID-1,Site 1,Maize Field,2023-08-30 14:06:55.587,2023-08-30 14:07:33.813,00:00:38.226000,fly,Insecta,Diptera,Brachycera,#N/C,#N/C,#N/C,#N/C,#N/C,2023-08-30 14:06:55.587
940,ID,ID-1,Site 1,Maize Field,2023-08-30 14:07:07.734,2023-08-30 14:07:45.973,00:00:38.239000,fly,Insecta,Diptera,Brachycera,#N/C,#N/C,#N/C,#N/C,#N/C,2023-08-30 14:07:07.734
941,ID,ID-1,Site 1,Maize Field,2023-08-30 14:07:57.799,2023-08-30 14:08:23.494,00:00:25.695000,fly,Insecta,Diptera,Brachycera,#N/C,#N/C,#N/C,#N/C,#N/C,2023-08-30 14:07:57.799
942,ID,ID-1,Site 1,Maize Field,2023-08-30 14:09:02.325,2023-08-30 14:09:18.996,00:00:16.671000,fly,Insecta,Diptera,Brachycera,#N/C,#N/C,#N/C,#N/C,#N/C,2023-08-30 14:09:02.325
943,ID,ID-1,Site 1,Maize Field,2023-08-30 14:10:15.804,2023-08-30 14:11:34.540,00:01:18.736000,fly,Insecta,Diptera,Brachycera,#N/C,#N/C,#N/C,#N/C,#N/C,2023-08-30 14:10:15.804
3342,FAIR-D,FAIR-D1,Site 1,Maize Field,2023-08-30 14:10:16.000,2023-08-30 14:10:21.000,00:00:05,wasp,Insecta,Hymenoptera,Apocrita,Vespoidea,Vespidae,Vespinae,Vespula,#N/C,2023-08-30 14:10:16.000
944,ID,ID-1,Site 1,Maize Field,2023-08-30 14:11:19.865,2023-08-30 14:11:49.133,00:00:29.268000,flesh_fly,Insecta,Diptera,Brachycera,Oestroidea,Sarcophagidae,#N/C,#N/C,#N/C,2023-08-30 14:11:19.865
945,ID,ID-1,Site 1,Maize Field,2023-08-30 14:11:50.588,2023-08-30 14:12:22.774,00:00:32.186000,flesh_fly,Insecta,Diptera,Brachycera,Oestroidea,Sarcophagidae,#N/C,#N/C,#N/C,2023-08-30 14:11:50.588
946,ID,ID-1,Site 1,Maize Field,2023-08-30 14:12:00.753,2023-08-30 14:12:15.601,00:00:14.848000,fly,Insecta,Diptera,Brachycera,#N/C,#N/C,#N/C,#N/C,#N/C,2023-08-30 14:12:00.753
947,ID,ID-1,Site 1,Maize Field,2023-08-30 14:13:05.924,2023-08-30 14:13:08.816,00:00:02.892000,fly,Insecta,Diptera,Brachycera,#N/C,#N/C,#N/C,#N/C,#N/C,2023-08-30 14:13:05.924
948,ID,ID-1,Site 1,Maize Field,2023-08-30 14:14:55.891,2023-08-30 14:15:04.594,00:00:08.703000,fly,Insecta,Diptera,Brachycera,#N/C,#N/C,#N/C,#N/C,#N/C,2023-08-30 14:14:55.891
949,ID,ID-1,Site 1,Maize Field,2023-08-30 14:17:40.220,2023-08-30 14:19:18.792,00:01:38.572000,flesh_fly,Insecta,Diptera,Brachycera,Oestroidea,Sarcophagidae,#N/C,#N/C,#N/C,2023-08-30 14:17:40.220
950,ID,ID-1,Site 1,Maize Field,2023-08-30 14:19:05.533,2023-08-30 14:23:00.032,00:03:54.499000,flesh_fly,Insecta,Diptera,Brachycera,Oestroidea,Sarcophagidae,#N/C,#N/C,#N/C,2023-08-30 14:19:05.533
951,ID,ID-1,Site 1,Maize Field,2023-08-30 14:19:37.560,2023-08-30 14:20:02.056,00:00:24.496000,fly,Insecta,Diptera,Brachycera,#N/C,#N/C,#N/C,#N/C,#N/C,2023-08-30 14:19:37.560
952,ID,ID-1,Site 1,Maize Field,2023-08-30 14:21:56.224,2023-08-30 14:22:09.407,00:00:13.183000,bee_apis,Insecta,Hymenoptera,Apocrita,Apoidea,Apidae,Apinae,Apis,mellifera,2023-08-30 14:21:56.224
953,ID,ID-1,Site 1,Maize Field,2023-08-30 14:22:46.854,2023-08-30 14:22:55.631,00:00:08.777000,fly,Insecta,Diptera,Brachycera,#N/C,#N/C,#N/C,#N/C,#N/C,2023-08-30 14:22:46.854
954,ID,ID-1,Site 1,Maize Field,2023-08-30 14:29:24.350,2023-08-30 14:29:38.533,00:00:14.183000,fly,Insecta,Diptera,Brachycera,#N/C,#N/C,#N/C,#N/C,#N/C,2023-08-30 14:29:24.350
955,ID,ID-1,Site 1,Maize Field,2023-08-30 14:29:42.725,2023-08-30 14:30:06.882,00:00:24.157000,fly,Insecta,Diptera,Brachycera,#N/C,#N/C,#N/C,#N/C,#N/C,2023-08-30 14:29:42.725
3344,FAIR-D,FAIR-D1,Site 1,Maize Field,2023-08-30 15:31:44.000,2023-08-30 15:33:08.000,00:01:24,fly,Insecta,Diptera,Brachycera,Muscoidea,#N/C,#N/C,#N/C,#N/C,2023-08-30 15:31:44.000
3343,FAIR-D,FAIR-D1,Site 1,Maize Field,2023-08-30 15:31:44.000,2023-08-30 15:31:53.000,00:00:09,fly,Insecta,Diptera,Brachycera,#N/C,#N/C,#N/C,#N/C,#N/C,2023-08-30 15:31:44.000
3345,FAIR-D,FAIR-D1,Site 1,Maize Field,2023-08-30 17:16:52.000,2023-08-30 17:17:07.000,00:00:15,fly,Insecta,Diptera,Brachycera,Muscoidea,Fanniidae,-,Fannia,#N/C,2023-08-30 17:16:52.000
956,ID,ID-1,Site 1,Maize Field,2023-08-30 17:25:42.972,2023-08-30 17:26:07.392,00:00:24.420000,fly,Insecta,Diptera,Brachycera,#N/C,#N/C,#N/C,#N/C,#N/C,2023-08-30 17:25:42.972
3346,FAIR-D,FAIR-D1,Site 1,Maize Field,2023-08-30 17:26:06.000,2023-08-30 17:26:09.000,00:00:03,fly,Insecta,Diptera,Brachycera,Muscoidea,Fanniidae,-,Fannia,#N/C,2023-08-30 17:26:06.000
3347,FAIR-D,FAIR-D1,Site 1,Maize Field,2023-08-30 18:15:53.000,2023-08-30 18:16:00.000,00:00:07,fly,Insecta,Diptera,Brachycera,#N/C,#N/C,#N/C,#N/C,#N/C,2023-08-30 18:15:53.000
957,ID,ID-1,Site 1,Maize Field,2023-08-30 19:01:22.828,2023-08-30 19:01:38.582,00:00:15.754000,fly,Insecta,Diptera,Brachycera,#N/C,#N/C,#N/C,#N/C,#N/C,2023-08-30 19:01:22.828
3348,FAIR-D,FAIR-D1,Site 1,Maize Field,2023-08-31 09:02:57.000,2023-08-31 09:03:35.000,00:00:38,fly,Insecta,Diptera,Brachycera,Muscoidea,Fanniidae,-,Fannia,#N/C,2023-08-31 09:02:57.000
3349,FAIR-D,FAIR-D1,Site 1,Maize Field,2023-08-31 09:13:24.000,2023-08-31 09:14:08.000,00:00:44,fly,Insecta,Diptera,Brachycera,Muscoidea,Fanniidae,-,Fannia,#N/C,2023-08-31 09:13:24.000
3350,FAIR-D,FAIR-D1,Site 1,Maize Field,2023-08-31 09:31:02.000,2023-08-31 09:37:44.000,00:06:42,fly,Insecta,#N/C,#N/C,#N/C,#N/C,#N/C,#N/C,#N/C,2023-08-31 09:31:02.000
3351,FAIR-D,FAIR-D1,Site 1,Maize Field,2023-08-31 09:44:39.000,2023-08-31 09:44:50.000,00:00:11,fly,Insecta,Diptera,Brachycera,#N/C,#N/C,#N/C,#N/C,#N/C,2023-08-31 09:44:39.000
3352,FAIR-D,FAIR-D1,Site 1,Maize Field,2023-08-31 09:46:27.000,2023-08-31 09:47:05.000,00:00:38,fly,Insecta,Diptera,Brachycera,Muscoidea,#N/C,#N/C,#N/C,#N/C,2023-08-31 09:46:27.000
3353,FAIR-D,FAIR-D1,Site 1,Maize Field,2023-08-31 10:56:22.000,2023-08-31 10:56:30.000,00:00:08,fly,Insecta,Diptera,Brachycera,Muscoidea,Fanniidae,-,Fannia,#N/C,2023-08-31 10:56:22.000
3354,FAIR-D,FAIR-D1,Site 1,Maize Field,2023-08-31 11:09:56.000,2023-08-31 11:10:48.000,00:00:52,fly,Insecta,Diptera,Brachycera,Muscoidea,Fanniidae,-,Fannia,#N/C,2023-08-31 11:09:56.000
3355,FAIR-D,FAIR-D1,Site 1,Maize Field,2023-08-31 11:16:37.000,2023-08-31 11:16:45.000,00:00:08,fly,Insecta,Diptera,Brachycera,#N/C,#N/C,#N/C,#N/C,#N/C,2023-08-31 11:16:37.000
3356,FAIR-D,FAIR-D1,Site 1,Maize Field,2023-08-31 11:23:32.000,2023-08-31 11:23:42.000,00:00:10,fly,Insecta,Diptera,Brachycera,Muscoidea,Fanniidae,-,Fannia,#N/C,2023-08-31 11:23:32.000
3357,FAIR-D,FAIR-D1,Site 1,Maize Field,2023-08-31 12:17:25.000,2023-08-31 12:17:39.000,00:00:14,fly,Insecta,Diptera,Brachycera,Muscoidea,Fanniidae,-,Fannia,#N/C,2023-08-31 12:17:25.000
3358,FAIR-D,FAIR-D1,Site 1,Maize Field,2023-08-31 12:59:03.000,2023-08-31 12:59:13.000,00:00:10,wasp,Insecta,Hymenoptera,Apocrita,Vespoidea,Vespidae,Vespinae,Vespula,#N/C,2023-08-31 12:59:03.000
3359,FAIR-D,FAIR-D1,Site 1,Maize Field,2023-08-31 13:02:35.000,2023-08-31 13:04:23.000,00:01:48,fly,Insecta,Diptera,Brachycera,Muscoidea,Fanniidae,-,Fannia,#N/C,2023-08-31 13:02:35.000
3360,FAIR-D,FAIR-D1,Site 1,Maize Field,2023-08-31 16:24:11.000,2023-08-31 16:24:17.000,00:00:06,fly,Insecta,Diptera,Brachycera,Muscoidea,Fanniidae,-,Fannia,#N/C,2023-08-31 16:24:11.000
3361,FAIR-D,FAIR-D1,Site 1,Maize Field,2023-08-31 17:55:26.000,2023-08-31 18:07:08.000,00:11:42,fly,Insecta,Diptera,Brachycera,Muscoidea,Fanniidae,-,Fannia,#N/C,2023-08-31 17:55:26.000
3362,FAIR-D,FAIR-D1,Site 1,Maize Field,2023-08-31 18:07:47.000,2023-08-31 18:07:52.000,00:00:05,fly,Insecta,Diptera,Brachycera,Muscoidea,#N/C,#N/C,#N/C,#N/C,2023-08-31 18:07:47.000
3363,FAIR-D,FAIR-D1,Site 1,Maize Field,2023-08-31 18:17:47.000,2023-08-31 18:18:00.000,00:00:13,fly,Insecta,Diptera,Brachycera,#N/C,#N/C,#N/C,#N/C,#N/C,2023-08-31 18:17:47.000
3364,FAIR-D,FAIR-D1,Site 1,Maize Field,2023-09-01 07:06:08.000,2023-09-01 08:13:32.000,01:07:24,fly,Insecta,Diptera,Brachycera,#N/C,#N/C,#N/C,#N/C,#N/C,2023-09-01 07:06:08.000
3365,FAIR-D,FAIR-D1,Site 1,Maize Field,2023-09-01 08:19:58.000,2023-09-01 08:20:19.000,00:00:21,fly,Insecta,Diptera,Brachycera,Muscoidea,#N/C,#N/C,#N/C,#N/C,2023-09-01 08:19:58.000
3366,FAIR-D,FAIR-D1,Site 1,Maize Field,2023-09-01 08:21:09.000,2023-09-01 08:22:45.000,00:01:36,fly,Insecta,Diptera,Brachycera,Muscoidea,Fanniidae,-,Fannia,#N/C,2023-09-01 08:21:09.000
958,ID,ID-1,Site 1,Maize Field,2023-09-01 09:17:54.673,2023-09-01 09:18:01.954,00:00:07.281000,fly,Insecta,Diptera,Brachycera,#N/C,#N/C,#N/C,#N/C,#N/C,2023-09-01 09:17:54.673
3367,FAIR-D,FAIR-D1,Site 1,Maize Field,2023-09-01 09:35:35.000,2023-09-01 09:36:41.000,00:01:06,fly,Insecta,Diptera,Brachycera,#N/C,#N/C,#N/C,#N/C,#N/C,2023-09-01 09:35:35.000
3368,FAIR-D,FAIR-D1,Site 1,Maize Field,2023-09-01 11:39:50.000,2023-09-01 11:40:20.000,00:00:30,fly,Insecta,Diptera,Brachycera,Muscoidea,Fanniidae,-,Fannia,#N/C,2023-09-01 11:39:50.000
959,ID,ID-1,Site 1,Maize Field,2023-09-01 12:16:00.871,2023-09-01 12:16:50.277,00:00:49.406000,fly,Insecta,Diptera,Brachycera,#N/C,#N/C,#N/C,#N/C,#N/C,2023-09-01 12:16:00.871
960,ID,ID-1,Site 1,Maize Field,2023-09-01 12:20:54.472,2023-09-01 12:22:26.287,00:01:31.815000,fly,Insecta,Diptera,Brachycera,#N/C,#N/C,#N/C,#N/C,#N/C,2023-09-01 12:20:54.472
961,ID,ID-1,Site 1,Maize Field,2023-09-01 12:21:46.543,2023-09-01 12:22:36.395,00:00:49.852000,hoverfly,Insecta,Diptera,Brachycera,Syrphoidea,Syrphidae,Syrphinae,Episyrphus,balteatus,2023-09-01 12:21:46.543
962,ID,ID-1,Site 1,Maize Field,2023-09-01 12:22:32.032,2023-09-01 12:23:01.115,00:00:29.083000,fly,Insecta,Diptera,Brachycera,#N/C,#N/C,#N/C,#N/C,#N/C,2023-09-01 12:22:32.032
963,ID,ID-1,Site 1,Maize Field,2023-09-01 12:23:09.576,2023-09-01 12:23:22.452,00:00:12.876000,fly,Insecta,Diptera,Brachycera,#N/C,#N/C,#N/C,#N/C,#N/C,2023-09-01 12:23:09.576
964,ID,ID-1,Site 1,Maize Field,2023-09-01 12:23:39.733,2023-09-01 12:24:17.358,00:00:37.625000,fly,Insecta,Diptera,Brachycera,#N/C,#N/C,#N/C,#N/C,#N/C,2023-09-01 12:23:39.733
3369,FAIR-D,FAIR-D1,Site 1,Maize Field,2023-09-01 12:48:06.000,2023-09-01 12:48:10.000,00:00:04,fly,Insecta,Diptera,Brachycera,Muscoidea,#N/C,#N/C,#N/C,#N/C,2023-09-01 12:48:06.000
3370,FAIR-D,FAIR-D1,Site 1,Maize Field,2023-09-01 12:53:47.000,2023-09-01 12:53:53.000,00:00:06,fly,Insecta,Diptera,Brachycera,Muscoidea,Fanniidae,-,Fannia,#N/C,2023-09-01 12:53:47.000
965,ID,ID-1,Site 1,Maize Field,2023-09-01 13:04:18.508,2023-09-01 13:05:00.362,00:00:41.854000,fly,Insecta,Diptera,Brachycera,#N/C,#N/C,#N/C,#N/C,#N/C,2023-09-01 13:04:18.508
966,ID,ID-1,Site 1,Maize Field,2023-09-01 13:06:14.583,2023-09-01 13:06:32.060,00:00:17.477000,fly,Insecta,Diptera,Brachycera,#N/C,#N/C,#N/C,#N/C,#N/C,2023-09-01 13:06:14.583
967,ID,ID-1,Site 1,Maize Field,2023-09-01 13:11:47.571,2023-09-01 13:12:37.981,00:00:50.410000,fly,Insecta,Diptera,Brachycera,#N/C,#N/C,#N/C,#N/C,#N/C,2023-09-01 13:11:47.571
968,ID,ID-1,Site 1,Maize Field,2023-09-01 13:12:53.736,2023-09-01 13:13:16.840,00:00:23.104000,fly,Insecta,Diptera,Brachycera,#N/C,#N/C,#N/C,#N/C,#N/C,2023-09-01 13:12:53.736
969,ID,ID-1,Site 1,Maize Field,2023-09-01 13:14:45.617,2023-09-01 13:16:08.036,00:01:22.419000,flesh_fly,Insecta,Diptera,Brachycera,Oestroidea,Sarcophagidae,#N/C,#N/C,#N/C,2023-09-01 13:14:45.617
970,ID,ID-1,Site 1,Maize Field,2023-09-01 13:14:49.952,2023-09-01 13:18:03.358,00:03:13.406000,fly,Insecta,Diptera,Brachycera,#N/C,#N/C,#N/C,#N/C,#N/C,2023-09-01 13:14:49.952
3371,FAIR-D,FAIR-D1,Site 1,Maize Field,2023-09-01 13:19:52.000,2023-09-01 13:22:30.000,00:02:38,fly,Insecta,Diptera,Brachycera,#N/C,#N/C,#N/C,#N/C,#N/C,2023-09-01 13:19:52.000
971,ID,ID-1,Site 1,Maize Field,2023-09-01 13:21:39.240,2023-09-01 13:21:42.133,00:00:02.893000,fly,Insecta,Diptera,Brachycera,#N/C,#N/C,#N/C,#N/C,#N/C,2023-09-01 13:21:39.240
972,ID,ID-1,Site 1,Maize Field,2023-09-01 13:21:56.493,2023-09-01 13:22:15.130,00:00:18.637000,fly,Insecta,Diptera,Brachycera,#N/C,#N/C,#N/C,#N/C,#N/C,2023-09-01 13:21:56.493
3372,FAIR-D,FAIR-D1,Site 1,Maize Field,2023-09-01 13:22:15.000,2023-09-01 13:22:17.000,00:00:02,?,Insecta,Diptera,Brachycera,#N/C,#N/C,#N/C,#N/C,#N/C,2023-09-01 13:22:15.000
973,ID,ID-1,Site 1,Maize Field,2023-09-01 13:22:52.177,2023-09-01 13:23:19.928,00:00:27.751000,flesh_fly,Insecta,Diptera,Brachycera,Oestroidea,Sarcophagidae,#N/C,#N/C,#N/C,2023-09-01 13:22:52.177
974,ID,ID-1,Site 1,Maize Field,2023-09-01 13:23:21.383,2023-09-01 13:23:30.163,00:00:08.780000,fly,Insecta,Diptera,Brachycera,#N/C,#N/C,#N/C,#N/C,#N/C,2023-09-01 13:23:21.383
3373,FAIR-D,FAIR-D1,Site 1,Maize Field,2023-09-01 13:24:14.000,2023-09-01 13:24:28.000,00:00:14,fly,Insecta,Diptera,Brachycera,Muscoidea,Fanniidae,-,Fannia,#N/C,2023-09-01 13:24:14.000
975,ID,ID-1,Site 1,Maize Field,2023-09-01 13:24:35.727,2023-09-01 13:24:41.527,00:00:05.800000,fly,Insecta,Diptera,Brachycera,#N/C,#N/C,#N/C,#N/C,#N/C,2023-09-01 13:24:35.727
976,ID,ID-1,Site 1,Maize Field,2023-09-01 13:24:40.081,2023-09-01 13:24:59.007,00:00:18.926000,fly,Insecta,Diptera,Brachycera,#N/C,#N/C,#N/C,#N/C,#N/C,2023-09-01 13:24:40.081
977,ID,ID-1,Site 1,Maize Field,2023-09-01 13:24:56.012,2023-09-01 13:25:12.048,00:00:16.036000,fly,Insecta,Diptera,Brachycera,#N/C,#N/C,#N/C,#N/C,#N/C,2023-09-01 13:24:56.012
978,ID,ID-1,Site 1,Maize Field,2023-09-01 13:24:56.041,2023-09-01 13:26:12.833,00:01:16.792000,fly,Insecta,Diptera,Brachycera,#N/C,#N/C,#N/C,#N/C,#N/C,2023-09-01 13:24:56.041
979,ID,ID-1,Site 1,Maize Field,2023-09-01 13:25:33.621,2023-09-01 13:25:38.028,00:00:04.407000,fly,Insecta,Diptera,Brachycera,#N/C,#N/C,#N/C,#N/C,#N/C,2023-09-01 13:25:33.621
980,ID,ID-1,Site 1,Maize Field,2023-09-01 13:26:20.111,2023-09-01 13:26:24.428,00:00:04.317000,fly,Insecta,Diptera,Brachycera,#N/C,#N/C,#N/C,#N/C,#N/C,2023-09-01 13:26:20.111
981,ID,ID-1,Site 1,Maize Field,2023-09-01 13:26:31.646,2023-09-01 13:26:55.322,00:00:23.676000,fly,Insecta,Diptera,Brachycera,#N/C,#N/C,#N/C,#N/C,#N/C,2023-09-01 13:26:31.646
982,ID,ID-1,Site 1,Maize Field,2023-09-01 13:26:36.063,2023-09-01 13:28:30.599,00:01:54.536000,fly,Insecta,Diptera,Brachycera,#N/C,#N/C,#N/C,#N/C,#N/C,2023-09-01 13:26:36.063
983,ID,ID-1,Site 1,Maize Field,2023-09-01 13:26:49.341,2023-09-01 13:26:58.254,00:00:08.913000,fly,Insecta,Diptera,Brachycera,#N/C,#N/C,#N/C,#N/C,#N/C,2023-09-01 13:26:49.341
984,ID,ID-1,Site 1,Maize Field,2023-09-01 13:27:11.232,2023-09-01 13:28:01.623,00:00:50.391000,fly,Insecta,Diptera,Brachycera,#N/C,#N/C,#N/C,#N/C,#N/C,2023-09-01 13:27:11.232
985,ID,ID-1,Site 1,Maize Field,2023-09-01 13:27:23.078,2023-09-01 13:27:54.203,00:00:31.125000,fly,Insecta,Diptera,Brachycera,#N/C,#N/C,#N/C,#N/C,#N/C,2023-09-01 13:27:23.078
986,ID,ID-1,Site 1,Maize Field,2023-09-01 13:27:54.215,2023-09-01 13:27:58.703,00:00:04.488000,fly,Insecta,Diptera,Brachycera,#N/C,#N/C,#N/C,#N/C,#N/C,2023-09-01 13:27:54.215
987,ID,ID-1,Site 1,Maize Field,2023-09-01 13:28:01.631,2023-09-01 13:28:23.279,00:00:21.648000,fly,Insecta,Diptera,Brachycera,#N/C,#N/C,#N/C,#N/C,#N/C,2023-09-01 13:28:01.631
988,ID,ID-1,Site 1,Maize Field,2023-09-01 13:28:40.624,2023-09-01 13:33:15.430,00:04:34.806000,fly,Insecta,Diptera,Brachycera,#N/C,#N/C,#N/C,#N/C,#N/C,2023-09-01 13:28:40.624
989,ID,ID-1,Site 1,Maize Field,2023-09-01 13:33:35.586,2023-09-01 13:33:38.507,00:00:02.921000,fly,Insecta,Diptera,Brachycera,#N/C,#N/C,#N/C,#N/C,#N/C,2023-09-01 13:33:35.586
990,ID,ID-1,Site 1,Maize Field,2023-09-01 13:34:11.796,2023-09-01 13:34:14.677,00:00:02.881000,fly,Insecta,Diptera,Brachycera,#N/C,#N/C,#N/C,#N/C,#N/C,2023-09-01 13:34:11.796
991,ID,ID-1,Site 1,Maize Field,2023-09-01 13:34:24.718,2023-09-01 13:34:29.050,00:00:04.332000,fly,Insecta,Diptera,Brachycera,#N/C,#N/C,#N/C,#N/C,#N/C,2023-09-01 13:34:24.718
992,ID,ID-1,Site 1,Maize Field,2023-09-01 13:35:13.146,2023-09-01 13:35:49.352,00:00:36.206000,fly,Insecta,Diptera,Brachycera,#N/C,#N/C,#N/C,#N/C,#N/C,2023-09-01 13:35:13.146
993,ID,ID-1,Site 1,Maize Field,2023-09-01 13:36:00.789,2023-09-01 13:36:18.382,00:00:17.593000,fly,Insecta,Diptera,Brachycera,#N/C,#N/C,#N/C,#N/C,#N/C,2023-09-01 13:36:00.789
994,ID,ID-1,Site 1,Maize Field,2023-09-01 13:36:03.702,2023-09-01 13:36:18.393,00:00:14.691000,fly,Insecta,Diptera,Brachycera,#N/C,#N/C,#N/C,#N/C,#N/C,2023-09-01 13:36:03.702
995,ID,ID-1,Site 1,Maize Field,2023-09-01 13:38:01.340,2023-09-01 13:38:07.132,00:00:05.792000,fly,Insecta,Diptera,Brachycera,#N/C,#N/C,#N/C,#N/C,#N/C,2023-09-01 13:38:01.340
996,ID,ID-1,Site 1,Maize Field,2023-09-01 13:38:17.153,2023-09-01 13:38:52.007,00:00:34.854000,fly,Insecta,Diptera,Brachycera,#N/C,#N/C,#N/C,#N/C,#N/C,2023-09-01 13:38:17.153
997,ID,ID-1,Site 1,Maize Field,2023-09-01 13:38:59.185,2023-09-01 13:39:16.600,00:00:17.415000,fly,Insecta,Diptera,Brachycera,#N/C,#N/C,#N/C,#N/C,#N/C,2023-09-01 13:38:59.185
998,ID,ID-1,Site 1,Maize Field,2023-09-01 13:39:36.727,2023-09-01 13:39:59.735,00:00:23.008000,fly,Insecta,Diptera,Brachycera,#N/C,#N/C,#N/C,#N/C,#N/C,2023-09-01 13:39:36.727
999,ID,ID-1,Site 1,Maize Field,2023-09-01 14:04:07.432,2023-09-01 14:04:13.213,00:00:05.781000,fly,Insecta,Diptera,Brachycera,#N/C,#N/C,#N/C,#N/C,#N/C,2023-09-01 14:04:07.432
1000,ID,ID-1,Site 1,Maize Field,2023-09-01 14:14:57.516,2023-09-01 14:15:03.293,00:00:05.777000,fly,Insecta,Diptera,Brachycera,#N/C,#N/C,#N/C,#N/C,#N/C,2023-09-01 14:14:57.516
1001,ID,ID-1,Site 1,Maize Field,2023-09-01 14:17:45.765,2023-09-01 14:18:33.569,00:00:47.804000,hoverfly,Insecta,Diptera,Brachycera,Syrphoidea,Syrphidae,Syrphinae,Episyrphus,balteatus,2023-09-01 14:17:45.765
1002,ID,ID-1,Site 1,Maize Field,2023-09-01 14:18:42.308,2023-09-01 14:19:30.082,00:00:47.774000,hoverfly,Insecta,Diptera,Brachycera,Syrphoidea,Syrphidae,Syrphinae,Episyrphus,balteatus,2023-09-01 14:18:42.308
1003,ID,ID-1,Site 1,Maize Field,2023-09-01 14:19:32.981,2023-09-01 14:23:48.850,00:04:15.869000,hoverfly,Insecta,Diptera,Brachycera,Syrphoidea,Syrphidae,Syrphinae,Episyrphus,balteatus,2023-09-01 14:19:32.981
1004,ID,ID-1,Site 1,Maize Field,2023-09-01 14:24:30.316,2023-09-01 14:24:33.203,00:00:02.887000,hoverfly,Insecta,Diptera,Brachycera,Syrphoidea,Syrphidae,Syrphinae,Episyrphus,balteatus,2023-09-01 14:24:30.316
3374,FAIR-D,FAIR-D1,Site 1,Maize Field,2023-09-01 14:24:42.000,2023-09-01 14:25:09.000,00:00:27,fly,Insecta,Diptera,Brachycera,Muscoidea,Fanniidae,-,Fannia,#N/C,2023-09-01 14:24:42.000
1005,ID,ID-1,Site 1,Maize Field,2023-09-01 14:25:21.681,2023-09-01 14:25:26.038,00:00:04.357000,hoverfly,Insecta,Diptera,Brachycera,Syrphoidea,Syrphidae,Syrphinae,Episyrphus,balteatus,2023-09-01 14:25:21.681
3375,FAIR-D,FAIR-D1,Site 1,Maize Field,2023-09-01 14:26:01.000,2023-09-01 14:26:11.000,00:00:10,fly,Insecta,Diptera,Brachycera,Muscoidea,Fanniidae,-,Fannia,#N/C,2023-09-01 14:26:01.000
3376,FAIR-D,FAIR-D1,Site 1,Maize Field,2023-09-01 14:33:37.000,2023-09-01 14:34:14.000,00:00:37,fly,Insecta,Diptera,Brachycera,Oestroidea,#N/C,#N/C,#N/C,#N/C,2023-09-01 14:33:37.000
1006,ID,ID-1,Site 1,Maize Field,2023-09-01 14:35:33.335,2023-09-01 14:36:12.583,00:00:39.248000,flesh_fly,Insecta,Diptera,Brachycera,Oestroidea,Sarcophagidae,#N/C,#N/C,#N/C,2023-09-01 14:35:33.335
1007,ID,ID-1,Site 1,Maize Field,2023-09-01 14:38:08.293,2023-09-01 14:39:13.533,00:01:05.240000,flesh_fly,Insecta,Diptera,Brachycera,Oestroidea,Sarcophagidae,#N/C,#N/C,#N/C,2023-09-01 14:38:08.293
3377,FAIR-D,FAIR-D1,Site 1,Maize Field,2023-09-01 14:40:07.000,2023-09-01 14:40:13.000,00:00:06,wasp,Insecta,Hymenoptera,Apocrita,Vespoidea,Vespidae,Vespinae,Vespula,#N/C,2023-09-01 14:40:07.000
3378,FAIR-D,FAIR-D1,Site 1,Maize Field,2023-09-01 15:17:10.000,2023-09-01 15:17:15.000,00:00:05,wasp,Insecta,Hymenoptera,Apocrita,Vespoidea,Vespidae,Vespinae,Vespula,#N/C,2023-09-01 15:17:10.000
3379,FAIR-D,FAIR-D1,Site 1,Maize Field,2023-09-01 15:21:24.000,2023-09-01 15:21:45.000,00:00:21,fly,Insecta,Lepidoptera,-,Noctuidea,#N/C,#N/C,#N/C,#N/C,2023-09-01 15:21:24.000
3380,FAIR-D,FAIR-D1,Site 1,Maize Field,2023-09-01 16:06:26.000,2023-09-01 16:06:36.000,00:00:10,fly,Insecta,Diptera,Brachycera,Muscoidea,Fanniidae,-,Fannia,#N/C,2023-09-01 16:06:26.000
3381,FAIR-D,FAIR-D1,Site 1,Maize Field,2023-09-01 16:29:58.000,2023-09-01 16:30:10.000,00:00:12,fly,Insecta,Diptera,Brachycera,Muscoidea,Fanniidae,-,Fannia,#N/C,2023-09-01 16:29:58.000
3382,FAIR-D,FAIR-D1,Site 1,Maize Field,2023-09-01 16:32:22.000,2023-09-01 16:32:30.000,00:00:08,fly,Insecta,Diptera,Brachycera,Muscoidea,Fanniidae,-,Fannia,#N/C,2023-09-01 16:32:22.000
3383,FAIR-D,FAIR-D1,Site 1,Maize Field,2023-09-01 16:39:35.000,2023-09-01 16:40:01.000,00:00:26,fly,Insecta,Diptera,Brachycera,Muscoidea,#N/C,#N/C,#N/C,#N/C,2023-09-01 16:39:35.000
3384,FAIR-D,FAIR-D1,Site 1,Maize Field,2023-09-01 16:51:06.000,2023-09-01 16:51:25.000,00:00:19,fly,Insecta,Diptera,Brachycera,Muscoidea,Fanniidae,-,Fannia,#N/C,2023-09-01 16:51:06.000
1008,ID,ID-1,Site 1,Maize Field,2023-09-01 17:08:53.397,2023-09-01 17:08:59.173,00:00:05.776000,hoverfly,Insecta,Diptera,Brachycera,Syrphoidea,Syrphidae,Syrphinae,Episyrphus,balteatus,2023-09-01 17:08:53.397
1009,ID,ID-1,Site 1,Maize Field,2023-09-01 17:19:52.032,2023-09-01 17:19:56.366,00:00:04.334000,fly,Insecta,Diptera,Brachycera,#N/C,#N/C,#N/C,#N/C,#N/C,2023-09-01 17:19:52.032
3385,FAIR-D,FAIR-D1,Site 1,Maize Field,2023-09-01 17:44:44.000,2023-09-01 17:44:54.000,00:00:10,fly,Insecta,Diptera,Brachycera,#N/C,#N/C,#N/C,#N/C,#N/C,2023-09-01 17:44:44.000
3386,FAIR-D,FAIR-D1,Site 1,Maize Field,2023-09-01 18:28:11.000,2023-09-01 18:28:25.000,00:00:14,fly,Insecta,Diptera,Brachycera,Muscoidea,#N/C,#N/C,#N/C,#N/C,2023-09-01 18:28:11.000
1010,ID,ID-1,Site 1,Maize Field,2023-09-01 18:30:40.626,2023-09-01 18:30:59.420,00:00:18.794000,fly,Insecta,Diptera,Brachycera,#N/C,#N/C,#N/C,#N/C,#N/C,2023-09-01 18:30:40.626
1011,ID,ID-1,Site 1,Maize Field,2023-09-01 18:38:50.210,2023-09-01 18:41:03.429,00:02:13.219000,fly,Insecta,Diptera,Brachycera,#N/C,#N/C,#N/C,#N/C,#N/C,2023-09-01 18:38:50.210
